norm_cassette_id,CfxA~~~ISBf8@IS4@ISPepr1,Erm(37)~~~IS987@IS3@IS51,IS987@IS3@IS51~~~Rv1877
1400870_3,0,0,1
1402583_3,0,0,1
1423563_3,0,0,1
1423571_3,0,0,1
1773_1580,0,0,1
1773_15861,1,0,0
1773_15998,0,0,0
1773_1902,0,0,0
1773_1687,0,0,0
1773_29492,0,0,0
1773_15742,0,0,0
1773_16319,0,0,0
1773_16032,0,0,0
1423462_3,0,0,0
1448619_3,0,0,0
1773_16154,0,0,0
1438860_3,0,0,0
1448822_3,0,0,0
1773_978,0,0,0
1773_1882,0,0,0
1773_16260,0,0,0
1422095_3,0,0,0
1773_16200,0,0,0
1324246_3,0,0,0
1773_1675,0,0,0
1773_1468,0,0,0
1773_16233,0,0,0
1733_1734,0,0,0
1773_15878,0,0,0
1400918_3,0,0,0
1773_15287,0,0,0
1773_1963,0,0,0
1773_1105,0,0,0
1773_1078,0,0,0
1423523_3,0,0,0
1423493_3,0,0,0
1448453_3,0,0,0
1773_21043,0,0,0
1423441_3,0,0,0
1773_15271,0,0,0
1773_15409,0,0,0
1773_14989,0,0,0
1773_15333,0,0,0
1773_21730,0,0,0
1773_29392,0,0,0
1773_21142,0,0,0
1773_15524,0,0,0
1400894_3,0,0,0
1773_16217,0,0,0
1773_16103,0,0,0
1773_21051,0,0,0
1773_29397,0,0,0
1773_29520,0,0,0
1422040_3,0,0,0
1773_15185,0,0,0
1773_15739,0,0,0
1773_1806,0,0,0
1773_29627,0,0,0
1448512_3,0,0,0
1773_16158,0,0,0
1773_29526,0,0,0
1773_14847,0,0,0
1773_29494,0,0,0
1427308_3,0,0,0
1773_16351,0,0,0
1421928_3,0,0,0
1773_15804,0,0,0
1455305_3,0,0,0
1427251_3,0,0,0
1448490_3,0,0,0
1773_29451,0,0,0
1773_1621,0,0,0
1773_1814,0,0,0
1773_15528,0,0,0
1773_15293,0,0,0
1422054_3,0,0,0
1773_15561,0,0,0
1773_14908,0,0,0
1448623_3,0,0,0
1448771_3,0,0,0
1773_21014,0,0,0
1773_14922,0,0,0
1773_16092,0,0,0
1773_15897,0,0,0
1773_15275,0,0,0
1773_16018,0,0,0
1773_21703,0,0,0
1773_15334,0,0,0
1773_1539,0,0,0
1773_15219,0,0,0
1773_982,0,0,0
1455276_3,0,0,0
1448626_3,0,0,0
1773_1788,0,0,0
1773_14939,0,0,0
1422002_3,0,0,0
1773_1529,0,0,0
1773_29455,0,0,0
1773_15619,0,0,0
1773_21710,0,0,0
1773_1293,0,0,0
1773_15453,0,0,0
1773_20942,0,0,0
1421961_3,0,0,0
1324231_3,0,0,0
1773_1248,0,0,0
1773_1872,0,0,0
1448830_3,0,0,0
1427250_3,0,0,0
1773_974,0,0,0
1773_29566,0,0,0
1773_944,0,0,0
1773_15730,0,0,0
1448694_3,0,0,0
1773_16071,0,0,0
1773_1312,0,0,0
1773_1058,0,0,0
1773_1826,0,0,0
1773_1798,0,0,0
1773_14794,0,0,0
1447454_3,0,0,0
1324237_3,0,0,0
1773_1842,0,0,0
1773_16089,0,0,0
1427277_3,0,0,0
1773_1841,0,0,0
1773_15244,0,0,0
1773_15766,0,0,0
1773_16283,0,0,0
1773_16244,0,0,0
1773_15583,0,0,0
1773_15446,0,0,0
1773_15596,0,0,0
1448631_3,0,0,0
1773_15978,0,0,0
1447526_3,0,0,0
1397939_3,0,0,0
1423456_3,0,0,0
1773_990,0,0,0
1773_14865,0,0,0
1773_14961,0,0,0
1773_1281,0,0,0
1427195_3,0,0,0
1773_29614,0,0,0
1773_1246,0,0,0
1773_16049,0,0,0
1448610_3,0,0,0
1773_1378,0,0,0
1773_1297,0,0,0
1448501_3,0,0,0
1773_15235,0,0,0
1448657_3,0,0,0
1773_15681,0,0,0
1773_15822,0,0,0
1448726_3,0,0,0
1773_15666,0,0,0
1773_15858,0,0,0
1448596_3,0,0,0
1427271_3,0,0,0
1773_16123,0,0,0
1773_16030,0,0,0
1773_29623,0,0,0
1773_15946,0,0,0
1773_15935,0,0,0
1773_15989,0,0,0
1421966_3,0,0,0
1448407_3,0,0,0
1448791_3,0,0,0
1773_16159,0,0,0
1448815_3,0,0,0
1773_16048,0,0,0
1773_15051,0,0,0
1773_15904,0,0,0
1773_1532,0,0,0
1400926_3,0,0,0
1773_14800,0,0,0
1448708_3,0,0,0
1773_29477,0,0,0
1773_29571,0,0,0
1397894_3,0,0,0
1448714_3,0,0,0
1773_1491,0,0,0
1773_15129,0,0,0
1773_15336,0,0,0
1773_15419,0,0,0
1773_16073,0,0,0
1773_15538,0,0,0
1423442_3,0,0,0
1773_16224,0,0,0
1448445_3,0,0,0
1773_1074,0,0,0
1773_21034,0,0,0
1427177_3,0,0,0
1773_14883,0,0,0
1448751_3,0,0,0
1773_15050,0,0,0
1447470_3,0,0,0
1773_15305,0,0,0
1773_14960,0,0,0
1773_15104,0,0,0
1448551_3,0,0,0
1423465_3,0,0,0
1773_16361,0,0,0
1427191_3,0,0,0
1773_16124,0,0,0
1423479_3,0,0,0
1773_16003,0,0,0
1423557_3,0,0,0
1773_15467,0,0,0
1423438_3,0,0,0
1773_15647,0,0,0
1773_15243,0,0,0
1427313_3,0,0,0
1773_29559,0,0,0
1773_1600,0,0,0
1773_16203,0,0,0
1773_15737,0,0,0
1423461_3,0,0,0
1448699_3,0,0,0
1773_15000,0,0,0
1773_1615,0,0,0
1448752_3,0,0,0
1447471_3,0,0,0
1773_1362,0,0,0
1773_1967,0,0,0
1773_15513,0,0,0
1773_16081,0,0,0
1773_1831,0,0,0
1733_1840,0,0,0
1733_1843,0,0,0
1773_29567,0,0,0
1773_20963,0,0,0
1773_15288,0,0,0
1427204_3,0,0,0
1427283_3,0,0,0
1773_15401,0,0,0
1773_29431,0,0,0
1448785_3,0,0,0
1427200_3,0,0,0
1773_29367,0,0,0
1447472_3,0,0,0
1733_1917,0,0,0
1773_16288,0,0,0
1438833_3,0,0,0
1773_15078,0,0,0
1773_15912,0,0,0
1773_1262,0,0,0
1773_15479,0,0,0
1423517_3,0,0,0
1773_15835,0,0,0
1295764_3,0,0,0
1773_1939,0,0,0
1773_15633,0,0,0
1773_16054,0,0,0
1773_1717,0,0,0
1773_901,0,0,0
1773_14840,0,0,0
1773_21039,0,0,0
1773_16125,0,0,0
1427238_3,0,0,0
1773_15794,0,0,0
1773_1729,0,0,0
1773_15279,0,0,0
1773_15977,0,0,0
1773_16387,0,0,0
1773_29474,0,0,0
1773_15329,0,0,0
1455287_3,0,0,0
1400909_3,0,0,0
1773_1764,0,0,0
1773_15965,0,0,0
1773_3171,0,0,0
1773_15612,0,0,0
1773_14781,0,0,0
1773_15572,0,0,0
1773_15360,0,0,0
1773_1714,0,0,0
1773_29568,0,0,0
1773_16097,0,0,0
1773_16199,0,0,0
1773_16241,0,0,0
1773_16272,0,0,0
1455294_3,0,0,0
1773_15626,0,0,0
1421984_3,0,0,0
1773_15440,0,0,0
1773_1538,0,0,0
1324270_3,0,0,0
1773_16109,0,0,0
1773_1843,0,0,0
1421976_3,0,0,0
1773_16039,0,0,0
1773_1242,0,0,0
1773_15693,0,0,0
1773_14802,0,0,0
1773_14905,0,0,0
1773_1762,0,0,0
1773_1427,0,0,0
1773_16141,0,0,0
1773_1979,0,0,0
1773_16043,0,0,0
1773_1981,0,0,0
1773_1604,0,0,0
1773_14749,0,0,0
1773_1804,0,0,0
1773_1201,0,0,0
1447522_3,0,0,0
1773_15919,0,0,0
1773_15381,0,0,0
1765_409,0,0,0
1773_15173,0,0,0
1773_970,0,0,0
1324259_3,0,0,0
1397934_3,0,0,0
1773_15684,0,0,0
1773_21734,0,0,0
1773_14728,0,0,0
1773_1583,0,0,0
1773_29414,0,0,0
1773_16305,0,0,0
1773_15391,0,0,0
1773_29594,0,0,0
1773_15942,0,0,0
1773_1467,0,0,0
1773_1786,0,0,0
1773_15815,0,0,0
1773_15880,0,0,0
1773_15947,0,0,0
1773_29434,0,0,0
1773_15631,0,0,0
1423566_3,0,0,0
1773_16257,0,0,0
1773_21019,0,0,0
1773_15974,0,0,0
1422027_3,0,0,0
1773_15307,0,0,0
1448644_3,0,0,0
1773_1659,0,0,0
1773_947,0,0,0
1427228_3,0,0,0
1773_1952,0,0,0
1773_915,0,0,0
1773_1676,0,0,0
1295769_3,0,0,0
1773_1961,0,0,0
1773_15359,0,0,0
1773_1846,0,0,0
1773_15949,0,0,0
1773_1329,0,0,0
1773_952,0,0,0
1773_29469,0,0,0
1397905_3,0,0,0
1773_16322,0,0,0
1773_20990,0,0,0
1773_14923,0,0,0
1733_1828,0,0,0
1773_29550,0,0,0
1773_21693,0,0,0
1733_1943,0,0,0
1773_1282,0,0,0
1773_15363,0,0,0
1427252_3,0,0,0
1773_15738,0,0,0
1773_1431,0,0,0
1324265_3,0,0,0
1773_15484,0,0,0
1773_29543,0,0,0
1773_14927,0,0,0
1773_15670,0,0,0
1773_15225,0,0,0
1773_14752,0,0,0
1773_14761,0,0,0
1773_29371,0,0,0
1773_29621,0,0,0
1422036_3,0,0,0
1773_14976,0,0,0
1400929_3,0,0,0
1773_16293,0,0,0
1773_15578,0,0,0
1773_15384,0,0,0
1448667_3,0,0,0
1773_15793,0,0,0
1773_29622,0,0,0
1417013_3,0,0,0
1773_933,0,0,0
1773_14812,0,0,0
1773_15939,0,0,0
1773_15688,0,0,0
1421932_3,0,0,0
1773_1681,0,0,0
1773_16369,0,0,0
1773_1331,0,0,0
1773_29382,0,0,0
1773_15181,0,0,0
1773_15058,0,0,0
1448506_3,0,0,0
1427317_3,0,0,0
1773_21702,0,0,0
1448618_3,0,0,0
1447452_3,0,0,0
1773_15124,0,0,0
1773_16264,0,0,0
1295747_3,0,0,0
1448478_3,0,0,0
1421920_3,0,0,0
1773_15757,0,0,0
1733_1974,0,0,0
1773_1862,0,0,0
33894_5,0,0,0
1773_29385,0,0,0
1773_15332,0,0,0
1733_1822,0,0,0
1295756_3,0,0,0
1773_1486,0,0,0
1773_15413,0,0,0
1773_15066,0,0,0
1773_29562,0,0,0
1773_15296,0,0,0
1423470_3,0,0,0
1402586_3,0,0,0
1447446_3,0,0,0
1773_1832,0,0,0
1773_15992,0,0,0
1773_20943,0,0,0
1773_15435,0,0,0
1773_989,0,0,0
1773_15925,0,0,0
1773_15376,0,0,0
1773_1816,0,0,0
1773_899,0,0,0
1448826_3,0,0,0
1773_16086,0,0,0
1773_1807,0,0,0
1422056_3,0,0,0
1421965_3,0,0,0
1773_21132,0,0,0
1423515_3,0,0,0
1773_1705,0,0,0
1773_1603,0,0,0
1423450_3,0,0,0
1773_14817,0,0,0
1773_1697,0,0,0
1773_16196,0,0,0
1423453_3,0,0,0
1773_1009,0,0,0
1733_1902,0,0,0
1422038_3,0,0,0
1773_20981,0,0,0
1448724_3,0,0,0
1773_29378,0,0,0
1773_15410,0,0,0
1773_1317,0,0,0
1773_1382,0,0,0
1773_15529,0,0,0
1773_29624,0,0,0
1773_15659,0,0,0
1773_15497,0,0,0
1427192_3,0,0,0
1773_20954,0,0,0
1427325_3,0,0,0
1773_15636,0,0,0
1295774_3,0,0,0
1773_14950,0,0,0
1448402_3,0,0,0
1397854_3,0,0,0
1421946_3,0,0,0
1423536_3,0,0,0
1773_15587,0,0,0
1773_1678,0,0,0
1400924_3,0,0,0
1397853_3,0,0,0
1427214_3,0,0,0
1448622_3,0,0,0
1773_14855,0,0,0
1773_972,0,0,0
1773_29408,0,0,0
1773_1784,0,0,0
1324264_3,0,0,0
1773_21717,0,0,0
1773_14870,0,0,0
1773_1086,0,0,0
1773_1948,0,0,0
1773_14944,0,0,0
1773_14953,0,0,0
1448534_4,0,0,0
1773_15708,0,0,0
1773_15511,0,0,0
1423538_3,0,0,0
1448654_3,0,0,0
1773_14796,0,0,0
1773_1571,0,0,0
1773_1306,0,0,0
1448718_3,0,0,0
1427303_3,0,0,0
1773_15114,0,0,0
1773_14892,0,0,0
1773_29523,0,0,0
1448505_3,0,0,0
1773_1725,0,0,0
1773_15565,0,0,0
1773_14903,0,0,0
1773_16386,0,0,0
1423428_3,0,0,0
1773_15575,0,0,0
1773_15999,0,0,0
1421953_3,0,0,0
1773_1400,0,0,0
1773_1628,0,0,0
1773_1499,0,0,0
1733_1996,0,0,0
1773_15653,0,0,0
1773_1008,0,0,0
1773_1370,0,0,0
1773_15095,0,0,0
1427310_3,0,0,0
1773_1662,0,0,0
1427329_3,0,0,0
1773_1081,0,0,0
1773_16311,0,0,0
1447461_3,0,0,0
1773_15917,0,0,0
1773_14766,0,0,0
1773_1845,0,0,0
1397885_3,0,0,0
1773_15007,0,0,0
1427189_3,0,0,0
1773_1905,0,0,0
1773_16190,0,0,0
1773_29460,0,0,0
1773_29387,0,0,0
1773_15093,0,0,0
1773_15750,0,0,0
1773_1014,0,0,0
1427241_3,0,0,0
1427285_3,0,0,0
1773_15564,0,0,0
1773_15784,0,0,0
1773_1966,0,0,0
1773_16060,0,0,0
1773_16110,0,0,0
1422010_3,0,0,0
1773_29481,0,0,0
1427268_3,0,0,0
1773_15655,0,0,0
1773_1360,0,0,0
1773_15651,0,0,0
1448475_3,0,0,0
1773_20980,0,0,0
1773_29615,0,0,0
1773_15611,0,0,0
1773_1323,0,0,0
1773_15043,0,0,0
1773_1018,0,0,0
1773_1444,0,0,0
1773_1284,0,0,0
1447444_3,0,0,0
1773_15028,0,0,0
1773_29463,0,0,0
1733_1824,0,0,0
1773_20949,0,0,0
1773_1498,0,0,0
1773_16045,0,0,0
1773_1590,0,0,0
1773_1253,0,0,0
1773_15869,0,0,0
1773_1413,0,0,0
1423425_3,0,0,0
1423559_3,0,0,0
1773_15972,0,0,0
1773_15560,0,0,0
1733_1846,0,0,0
1397892_3,0,0,0
1423501_3,0,0,0
1448398_3,0,0,0
1448426_3,0,0,0
1773_16393,0,0,0
1773_16101,0,0,0
1773_1650,0,0,0
1773_1392,0,0,0
1423490_3,0,0,0
1423562_3,0,0,0
1438851_3,0,0,0
1773_14825,0,0,0
1773_29409,0,0,0
1447441_3,0,0,0
1773_29539,0,0,0
1773_15421,0,0,0
1773_29604,0,0,0
1427182_3,0,0,0
1773_15315,0,0,0
1422063_3,0,0,0
1773_15214,0,0,0
1773_16343,0,0,0
1773_29565,0,0,0
1773_16385,0,0,0
1438859_3,0,0,0
1447440_3,0,0,0
1295746_3,0,0,0
1773_1946,0,0,0
1773_1819,0,0,0
1773_1494,0,0,0
1773_16098,0,0,0
1422016_3,0,0,0
1773_14915,0,0,0
1773_15993,0,0,0
1773_20936,0,0,0
1447450_3,0,0,0
1773_3525,0,0,0
1773_1308,0,0,0
1773_15387,0,0,0
1733_1932,0,0,0
1397893_3,0,0,0
1733_1688,0,0,0
1773_1350,0,0,0
1448470_3,0,0,0
1773_964,0,0,0
1773_1933,0,0,0
1773_21024,0,0,0
1773_15541,0,0,0
1773_935,0,0,0
1773_16245,0,0,0
1448765_3,0,0,0
1417011_3,0,0,0
1773_29501,0,0,0
1773_14842,0,0,0
1773_15509,0,0,0
1773_16174,0,0,0
1773_1848,0,0,0
1448738_3,0,0,0
1773_14824,0,0,0
1773_14902,0,0,0
1773_20957,0,0,0
1773_1959,0,0,0
1733_1853,0,0,0
1400932_3,0,0,0
1773_16087,0,0,0
1773_29438,0,0,0
1295739_3,0,0,0
1448552_3,0,0,0
1423496_3,0,0,0
1448715_3,0,0,0
1400938_3,0,0,0
1773_1022,0,0,0
1448601_3,0,0,0
1773_15997,0,0,0
1773_1336,0,0,0
1422068_3,0,0,0
1422073_3,0,0,0
1773_15328,0,0,0
1773_1070,0,0,0
1773_1915,0,0,0
1773_14856,0,0,0
1773_15361,0,0,0
1773_29541,0,0,0
1423533_3,0,0,0
1773_1689,0,0,0
1448713_3,0,0,0
1447523_3,0,0,0
1773_203,0,0,0
1773_16216,0,0,0
1773_1877,0,0,0
1773_1844,0,0,0
1773_1570,0,0,0
1773_1358,0,0,0
1455266_3,0,0,0
1773_16391,0,0,0
1773_1374,0,0,0
1773_29514,0,0,0
1733_1905,0,0,0
1773_1003,0,0,0
1773_15394,0,0,0
1448664_3,0,0,0
1773_15099,0,0,0
1773_21699,0,0,0
1773_15941,0,0,0
1438873_3,0,0,0
1773_16287,0,0,0
1773_1901,0,0,0
1773_15087,0,0,0
1773_15848,0,0,0
1421959_3,0,0,0
1773_903,0,0,0
1773_16210,0,0,0
1773_1107,0,0,0
1773_15938,0,0,0
1421987_3,0,0,0
1773_971,0,0,0
1447517_3,0,0,0
1423537_3,0,0,0
1773_16079,0,0,0
1773_14786,0,0,0
1455264_3,0,0,0
1773_29436,0,0,0
1773_16038,0,0,0
1773_29421,0,0,0
1773_925,0,0,0
1418252_3,0,0,0
1422033_3,0,0,0
1773_1574,0,0,0
1427246_3,0,0,0
1448555_3,0,0,0
1773_29545,0,0,0
1773_15379,0,0,0
1773_15254,0,0,0
1773_29471,0,0,0
1400885_3,0,0,0
1773_1637,0,0,0
1773_15635,0,0,0
1773_1088,0,0,0
1773_3529,0,0,0
1733_1933,0,0,0
1773_14949,0,0,0
1773_1638,0,0,0
1773_1747,0,0,0
1773_15990,0,0,0
1773_15585,0,0,0
1773_16135,0,0,0
1324222_3,0,0,0
1773_1865,0,0,0
1773_1869,0,0,0
1448775_3,0,0,0
1773_21705,0,0,0
1324258_3,0,0,0
1773_1408,0,0,0
1773_1056,0,0,0
1773_20965,0,0,0
1773_15450,0,0,0
1773_1426,0,0,0
1773_1834,0,0,0
1773_1526,0,0,0
1427280_3,0,0,0
1773_15393,0,0,0
1773_15823,0,0,0
1397932_3,0,0,0
1324243_3,0,0,0
1422048_3,0,0,0
1773_1313,0,0,0
1422015_3,0,0,0
1773_1436,0,0,0
1773_15250,0,0,0
1733_1893,0,0,0
1773_29502,0,0,0
1773_21694,0,0,0
1773_15961,0,0,0
1455312_3,0,0,0
1421970_3,0,0,0
1448636_3,0,0,0
1455270_3,0,0,0
1397879_3,0,0,0
1773_1962,0,0,0
1773_14894,0,0,0
1773_1703,0,0,0
1773_1852,0,0,0
1773_15609,0,0,0
1773_15553,0,0,0
1773_15300,0,0,0
1448784_3,0,0,0
1397930_3,0,0,0
1773_15594,0,0,0
1427305_3,0,0,0
1448749_3,0,0,0
1773_16082,0,0,0
1773_1069,0,0,0
1773_15832,0,0,0
1421934_3,0,0,0
1397876_3,0,0,0
1324253_3,0,0,0
1773_1252,0,0,0
1773_15433,0,0,0
1397918_3,0,0,0
1773_15735,0,0,0
1773_14943,0,0,0
1773_15438,0,0,0
1773_15014,0,0,0
1773_1684,0,0,0
1773_1943,0,0,0
1773_15911,0,0,0
1773_15108,0,0,0
1773_16279,0,0,0
1448783_3,0,0,0
1773_15923,0,0,0
1773_16005,0,0,0
1427265_3,0,0,0
1773_21023,0,0,0
1773_14814,0,0,0
1773_1112,0,0,0
1773_15716,0,0,0
1448733_3,0,0,0
1773_16077,0,0,0
1773_29552,0,0,0
1773_1354,0,0,0
1400887_3,0,0,0
1448719_3,0,0,0
1773_15294,0,0,0
1773_1054,0,0,0
1773_16326,0,0,0
1773_15319,0,0,0
1773_16010,0,0,0
1397864_3,0,0,0
1773_1520,0,0,0
1773_1631,0,0,0
1421925_3,0,0,0
1438843_3,0,0,0
1773_15644,0,0,0
1773_1369,0,0,0
1773_1560,0,0,0
1773_15542,0,0,0
1773_16231,0,0,0
1773_15430,0,0,0
1773_16208,0,0,0
1448497_3,0,0,0
1773_20939,0,0,0
1773_15079,0,0,0
1773_14772,0,0,0
1447507_3,0,0,0
1773_16334,0,0,0
1421917_3,0,0,0
1773_16310,0,0,0
1773_15459,0,0,0
1773_1605,0,0,0
1773_1934,0,0,0
1773_16239,0,0,0
1324274_3,0,0,0
1773_1884,0,0,0
1773_1042,0,0,0
1773_16148,0,0,0
1773_16078,0,0,0
1773_15680,0,0,0
1448433_3,0,0,0
1773_15357,0,0,0
1422053_3,0,0,0
1773_16188,0,0,0
1773_995,0,0,0
1773_15153,0,0,0
1448615_3,0,0,0
1773_29588,0,0,0
1773_14776,0,0,0
1448723_3,0,0,0
1397896_3,0,0,0
1773_29626,0,0,0
1773_29464,0,0,0
1733_1900,0,0,0
1773_14938,0,0,0
1422077_3,0,0,0
1448717_3,0,0,0
1773_1334,0,0,0
1773_15798,0,0,0
1773_16129,0,0,0
1773_15599,0,0,0
1773_21016,0,0,0
1773_16321,0,0,0
1773_1225,0,0,0
1773_1973,0,0,0
1773_15033,0,0,0
1400895_3,0,0,0
1448758_3,0,0,0
1773_15768,0,0,0
1773_1398,0,0,0
1773_1373,0,0,0
1773_29386,0,0,0
1773_3522,0,0,0
1773_29587,0,0,0
1448705_3,0,0,0
1773_16164,0,0,0
1773_21695,0,0,0
1773_15850,0,0,0
1733_1924,0,0,0
1773_16368,0,0,0
1421997_3,0,0,0
1773_902,0,0,0
1423481_3,0,0,0
1773_1861,0,0,0
1773_1810,0,0,0
1773_15826,0,0,0
1773_15427,0,0,0
1773_21697,0,0,0
1427207_3,0,0,0
1773_15141,0,0,0
1773_14994,0,0,0
1773_15759,0,0,0
1733_1915,0,0,0
1773_1923,0,0,0
1427300_3,0,0,0
1773_20977,0,0,0
1773_21040,0,0,0
1773_14839,0,0,0
1773_15808,0,0,0
1773_15836,0,0,0
1423445_3,0,0,0
1773_29398,0,0,0
1773_29578,0,0,0
1324241_3,0,0,0
1773_15740,0,0,0
1773_15540,0,0,0
1773_1046,0,0,0
1773_15763,0,0,0
1448648_3,0,0,0
1773_29549,0,0,0
1773_15963,0,0,0
1324286_3,0,0,0
1448469_3,0,0,0
1423556_3,0,0,0
1773_15298,0,0,0
1773_29558,0,0,0
1773_1927,0,0,0
1773_15550,0,0,0
1773_1919,0,0,0
1773_16226,0,0,0
1773_29495,0,0,0
1773_15622,0,0,0
1448479_3,0,0,0
1773_15987,0,0,0
1423500_3,0,0,0
1773_1912,0,0,0
1773_1270,0,0,0
1773_15389,0,0,0
1773_16207,0,0,0
1773_1375,0,0,0
1422004_3,0,0,0
1448750_3,0,0,0
1773_15375,0,0,0
1773_1045,0,0,0
1733_1675,0,0,0
1773_1577,0,0,0
1447524_3,0,0,0
1773_14788,0,0,0
1733_1890,0,0,0
1421938_3,0,0,0
1773_1068,0,0,0
1773_16363,0,0,0
1448702_3,0,0,0
1324266_3,0,0,0
1773_16168,0,0,0
1773_1002,0,0,0
1773_16379,0,0,0
1773_1715,0,0,0
1773_940,0,0,0
1324276_3,0,0,0
1773_15030,0,0,0
1773_21006,0,0,0
1773_1531,0,0,0
1773_15469,0,0,0
1773_21050,0,0,0
1773_15195,0,0,0
1447521_3,0,0,0
1427186_3,0,0,0
1773_15770,0,0,0
1448617_3,0,0,0
1773_1301,0,0,0
1773_16347,0,0,0
1773_16074,0,0,0
1423478_3,0,0,0
1397925_3,0,0,0
1422043_3,0,0,0
1427206_3,0,0,0
1438849_3,0,0,0
1448823_3,0,0,0
1418251_3,0,0,0
1773_15350,0,0,0
1448607_3,0,0,0
1773_15618,0,0,0
1438861_3,0,0,0
1773_998,0,0,0
1773_1456,0,0,0
1773_1770,0,0,0
1447476_3,0,0,0
1448805_3,0,0,0
1773_1864,0,0,0
1773_29586,0,0,0
1773_29634,0,0,0
1448640_3,0,0,0
1773_15218,0,0,0
1773_1080,0,0,0
1773_1545,0,0,0
1773_16304,0,0,0
1773_1761,0,0,0
1773_15518,0,0,0
1448668_3,0,0,0
1773_16370,0,0,0
1773_15130,0,0,0
1397913_3,0,0,0
1773_15831,0,0,0
1773_15216,0,0,0
1324292_3,0,0,0
1397874_3,0,0,0
1773_1586,0,0,0
1421941_3,0,0,0
1295765_3,0,0,0
1773_16381,0,0,0
1773_21009,0,0,0
1773_21058,0,0,0
1438838_3,0,0,0
1773_1497,0,0,0
1773_29415,0,0,0
1324291_3,0,0,0
1773_15483,0,0,0
1773_15080,0,0,0
1422052_3,0,0,0
1733_1892,0,0,0
1773_1720,0,0,0
1773_15807,0,0,0
1400911_3,0,0,0
1773_1855,0,0,0
1773_15931,0,0,0
1397888_3,0,0,0
1773_15260,0,0,0
1773_29532,0,0,0
1773_16302,0,0,0
1773_15639,0,0,0
1773_1821,0,0,0
1773_21048,0,0,0
1773_16085,0,0,0
1773_1588,0,0,0
1427272_3,0,0,0
1773_29727,0,0,0
1773_1771,0,0,0
1421999_3,0,0,0
1773_1587,0,0,0
1427306_3,0,0,0
1773_14848,0,0,0
1773_1908,0,0,0
1773_1381,0,0,0
1448405_3,0,0,0
1773_15458,0,0,0
1773_29447,0,0,0
1773_15914,0,0,0
1773_21046,0,0,0
1773_21017,0,0,0
1773_15675,0,0,0
1324228_3,0,0,0
1773_1778,0,0,0
1773_1518,0,0,0
1773_15772,0,0,0
1773_15273,0,0,0
1773_29365,0,0,0
1773_15091,0,0,0
1448725_3,0,0,0
1447501_3,0,0,0
1773_1691,0,0,0
1773_1941,0,0,0
1773_1059,0,0,0
1773_29533,0,0,0
1773_16105,0,0,0
1773_14909,0,0,0
1773_29585,0,0,0
1773_16106,0,0,0
1422011_3,0,0,0
1773_16227,0,0,0
1295763_3,0,0,0
1773_14790,0,0,0
1448562_3,0,0,0
1448450_3,0,0,0
1418254_3,0,0,0
1455307_3,0,0,0
1422064_3,0,0,0
1448396_3,0,0,0
1295742_3,0,0,0
1427232_3,0,0,0
1773_15380,0,0,0
1448621_3,0,0,0
1427231_3,0,0,0
1421947_3,0,0,0
1773_15908,0,0,0
1773_15508,0,0,0
1773_946,0,0,0
1773_930,0,0,0
1773_15140,0,0,0
1773_29519,0,0,0
1773_20941,0,0,0
1773_15055,0,0,0
1773_2486,0,0,0
1773_15131,0,0,0
1773_29394,0,0,0
1448547_3,0,0,0
1773_16057,0,0,0
1773_1092,0,0,0
1448691_3,0,0,0
1448647_3,0,0,0
1448671_3,0,0,0
1773_21002,0,0,0
1438870_3,0,0,0
1773_15183,0,0,0
1421930_3,0,0,0
1773_962,0,0,0
1417029_3,0,0,0
1448455_3,0,0,0
1773_29493,0,0,0
1773_15649,0,0,0
1427273_3,0,0,0
1773_1670,0,0,0
1773_14968,0,0,0
1733_1826,0,0,0
1773_15072,0,0,0
1773_16197,0,0,0
1773_14807,0,0,0
1773_15059,0,0,0
1733_1876,0,0,0
1422106_3,0,0,0
1773_15638,0,0,0
1427216_3,0,0,0
1773_15827,0,0,0
1448638_3,0,0,0
1773_1234,0,0,0
1422075_3,0,0,0
1448468_3,0,0,0
1448538_3,0,0,0
1773_29476,0,0,0
1438862_3,0,0,0
1773_15933,0,0,0
1773_15060,0,0,0
1773_15382,0,0,0
1773_16320,0,0,0
1423452_3,0,0,0
1773_15247,0,0,0
1773_15010,0,0,0
1438853_3,0,0,0
1773_15259,0,0,0
1773_1836,0,0,0
1773_1310,0,0,0
1773_1779,0,0,0
1427253_3,0,0,0
1773_15927,0,0,0
1773_15725,0,0,0
1423487_3,0,0,0
1773_14759,0,0,0
1773_1015,0,0,0
1773_1367,0,0,0
1427205_3,0,0,0
1397860_3,0,0,0
1773_15593,0,0,0
1773_14783,0,0,0
1448746_3,0,0,0
1448573_3,0,0,0
1773_29535,0,0,0
1448397_3,0,0,0
1773_914,0,0,0
1773_15543,0,0,0
1773_15864,0,0,0
1773_15692,0,0,0
1324248_3,0,0,0
1448698_3,0,0,0
1773_968,0,0,0
1773_29446,0,0,0
1773_1522,0,0,0
1455292_3,0,0,0
1773_973,0,0,0
1773_1470,0,0,0
1773_15343,0,0,0
1427245_3,0,0,0
1773_1674,0,0,0
1773_14810,0,0,0
1773_1956,0,0,0
1422012_3,0,0,0
1773_14970,0,0,0
1773_15160,0,0,0
1423484_3,0,0,0
1773_15089,0,0,0
1447509_3,0,0,0
1422105_3,0,0,0
1773_15090,0,0,0
1773_15122,0,0,0
1773_1876,0,0,0
1773_15621,0,0,0
1773_919,0,0,0
1447503_3,0,0,0
1773_1783,0,0,0
1448594_3,0,0,0
1773_14792,0,0,0
1773_1929,0,0,0
1427178_3,0,0,0
1773_15312,0,0,0
1448740_3,0,0,0
1733_1944,0,0,0
1773_15499,0,0,0
1773_29364,0,0,0
1773_15582,0,0,0
1773_15037,0,0,0
1773_16187,0,0,0
1773_21731,0,0,0
1773_1971,0,0,0
1773_16225,0,0,0
1773_21718,0,0,0
1773_14979,0,0,0
1773_16273,0,0,0
1773_14933,0,0,0
1773_15349,0,0,0
1773_16061,0,0,0
1773_15366,0,0,0
1773_21055,0,0,0
1773_1296,0,0,0
1773_14901,0,0,0
1448794_3,0,0,0
1773_1858,0,0,0
1448632_3,0,0,0
1773_1385,0,0,0
1773_15406,0,0,0
1773_1457,0,0,0
1423561_3,0,0,0
1773_14899,0,0,0
1773_15021,0,0,0
1773_15549,0,0,0
1773_15521,0,0,0
1397890_3,0,0,0
1773_15884,0,0,0
1447480_3,0,0,0
1773_20969,0,0,0
1422025_3,0,0,0
1773_15747,0,0,0
1397895_3,0,0,0
1733_1873,0,0,0
1773_29459,0,0,0
1447506_3,0,0,0
1773_15053,0,0,0
1773_21047,0,0,0
1773_1390,0,0,0
1773_1924,0,0,0
1773_1315,0,0,0
1427199_3,0,0,0
1773_1735,0,0,0
1773_29579,0,0,0
1773_15113,0,0,0
1773_956,0,0,0
1773_15208,0,0,0
1773_15894,0,0,0
1427239_3,0,0,0
1773_3431,0,0,0
1773_15155,0,0,0
1773_1666,0,0,0
1773_16066,0,0,0
1773_29379,0,0,0
1773_15928,0,0,0
1773_954,0,0,0
1773_1569,0,0,0
1773_20986,0,0,0
1324255_3,0,0,0
1400874_3,0,0,0
1423545_3,0,0,0
1773_29633,0,0,0
1773_1685,0,0,0
1773_15545,0,0,0
1773_15570,0,0,0
1427202_3,0,0,0
1773_15134,0,0,0
1448463_3,0,0,0
1773_895,0,0,0
1423555_3,0,0,0
1773_16094,0,0,0
1773_14910,0,0,0
1773_14820,0,0,0
1773_16329,0,0,0
1773_1525,0,0,0
1448637_7,0,0,0
1773_16052,0,0,0
1773_1292,0,0,0
1773_15457,0,0,0
1773_29356,0,0,0
1773_15732,0,0,0
1773_15417,0,0,0
1773_16346,0,0,0
1773_16136,0,0,0
1773_15074,0,0,0
1773_15882,0,0,0
1773_15920,0,0,0
1773_16165,0,0,0
1773_14757,0,0,0
1773_29405,0,0,0
1773_1745,0,0,0
1438868_3,0,0,0
1423546_3,0,0,0
1447457_3,0,0,0
1773_15839,0,0,0
1423507_3,0,0,0
1773_15147,0,0,0
1773_16280,0,0,0
1773_29426,0,0,0
1773_1291,0,0,0
1773_15741,0,0,0
1773_15698,0,0,0
1773_21711,0,0,0
1447453_3,0,0,0
1427261_3,0,0,0
1773_1795,0,0,0
1400888_3,0,0,0
1448797_3,0,0,0
1423567_3,0,0,0
1397861_3,0,0,0
1773_1082,0,0,0
1773_1261,0,0,0
1773_1113,0,0,0
1773_16112,0,0,0
1773_14988,0,0,0
1448819_3,0,0,0
1773_14900,0,0,0
1773_15403,0,0,0
1773_15719,0,0,0
1773_923,0,0,0
1773_1223,0,0,0
1447500_3,0,0,0
1773_29602,0,0,0
1773_29584,0,0,0
1773_29435,0,0,0
1773_16325,0,0,0
1773_1775,0,0,0
1448440_3,0,0,0
1773_15425,0,0,0
1438848_3,0,0,0
1773_21015,0,0,0
1773_29525,0,0,0
1448646_3,0,0,0
1448754_3,0,0,0
1773_1507,0,0,0
1773_1422,0,0,0
1733_1821,0,0,0
1773_14876,0,0,0
1448778_3,0,0,0
1773_1061,0,0,0
1773_1651,0,0,0
1421989_3,0,0,0
1397940_3,0,0,0
1773_29489,0,0,0
1773_985,0,0,0
1773_14877,0,0,0
1733_1835,0,0,0
1773_1228,0,0,0
1773_16383,0,0,0
1773_29380,0,0,0
1773_15018,0,0,0
1448634_3,0,0,0
1400939_3,0,0,0
1773_21101,0,0,0
1400873_3,0,0,0
1421956_3,0,0,0
1773_29631,0,0,0
1773_1554,0,0,0
1773_14768,0,0,0
1448533_3,0,0,0
1448428_3,0,0,0
1773_15004,0,0,0
1773_15200,0,0,0
1773_1295,0,0,0
1773_16303,0,0,0
1773_15341,0,0,0
1773_15566,0,0,0
1448803_3,0,0,0
1397916_3,0,0,0
1773_15054,0,0,0
1773_21061,0,0,0
1773_21138,0,0,0
1773_15663,0,0,0
1421922_3,0,0,0
1773_21035,0,0,0
1417009_3,0,0,0
1421940_3,0,0,0
1773_16397,0,0,0
1427190_3,0,0,0
1773_959,0,0,0
1773_16374,0,0,0
1773_15686,0,0,0
1773_16036,0,0,0
1733_1952,0,0,0
1773_15952,0,0,0
1422098_3,0,0,0
1773_16290,0,0,0
1773_14984,0,0,0
1773_14932,0,0,0
1773_15604,0,0,0
1427320_3,0,0,0
1773_1911,0,0,0
1448442_3,0,0,0
1773_15023,0,0,0
1773_15330,0,0,0
1773_1016,0,0,0
1773_16318,0,0,0
1773_16218,0,0,0
1773_15954,0,0,0
1773_1534,0,0,0
1447525_3,0,0,0
1773_15268,0,0,0
1773_15979,0,0,0
1397908_3,0,0,0
1773_15136,0,0,0
1400908_3,0,0,0
1324220_3,0,0,0
1773_15584,0,0,0
1773_16299,0,0,0
1773_16099,0,0,0
1773_905,0,0,0
1423430_3,0,0,0
1448776_3,0,0,0
1773_1251,0,0,0
1423529_3,0,0,0
1773_16282,0,0,0
1773_16008,0,0,0
1427213_3,0,0,0
1773_15530,0,0,0
1427304_3,0,0,0
1773_15762,0,0,0
1397886_3,0,0,0
1773_15402,0,0,0
1773_1108,0,0,0
1773_3206,0,0,0
1423467_3,0,0,0
1324296_3,0,0,0
1733_1850,0,0,0
1773_14907,0,0,0
1773_15672,0,0,0
1427237_3,0,0,0
1773_1519,0,0,0
1773_15677,0,0,0
1773_15895,0,0,0
1773_15348,0,0,0
1773_15745,0,0,0
1773_1063,0,0,0
1423535_3,0,0,0
1448570_3,0,0,0
1773_14920,0,0,0
1773_16291,0,0,0
1773_14941,0,0,0
1773_16042,0,0,0
1427235_3,0,0,0
1773_15354,0,0,0
1773_29518,0,0,0
1295758_3,0,0,0
1773_21045,0,0,0
1773_1501,0,0,0
1773_1754,0,0,0
1773_965,0,0,0
1773_14951,0,0,0
1773_21027,0,0,0
1773_15605,0,0,0
1448443_3,0,0,0
1773_15365,0,0,0
1324225_3,0,0,0
1422107_3,0,0,0
1773_15204,0,0,0
1427287_3,0,0,0
1773_15236,0,0,0
1773_15574,0,0,0
1423449_3,0,0,0
1773_29395,0,0,0
1422001_3,0,0,0
1773_15411,0,0,0
1448537_3,0,0,0
1773_1833,0,0,0
1448580_3,0,0,0
1773_16072,0,0,0
1773_14733,0,0,0
1773_16353,0,0,0
1448814_3,0,0,0
1397877_3,0,0,0
1773_15011,0,0,0
1773_16246,0,0,0
1438835_3,0,0,0
1773_1276,0,0,0
1448670_3,0,0,0
1397859_3,0,0,0
1773_15660,0,0,0
1397919_3,0,0,0
1773_1049,0,0,0
1773_1648,0,0,0
1773_21141,0,0,0
1773_1597,0,0,0
1773_29726,0,0,0
1773_21052,0,0,0
1773_15814,0,0,0
1773_15426,0,0,0
1773_29423,0,0,0
1773_1712,0,0,0
1773_1958,0,0,0
1773_15067,0,0,0
1397866_3,0,0,0
1773_29381,0,0,0
1427210_3,0,0,0
1448568_3,0,0,0
1773_1696,0,0,0
1773_21010,0,0,0
1773_15833,0,0,0
1448575_3,0,0,0
1423472_3,0,0,0
1773_1794,0,0,0
1773_1873,0,0,0
1397931_3,0,0,0
1423522_3,0,0,0
1773_1655,0,0,0
1447436_3,0,0,0
1402584_3,0,0,0
1448772_3,0,0,0
1448616_3,0,0,0
1397887_3,0,0,0
1295723_3,0,0,0
1773_14770,0,0,0
1455269_3,0,0,0
1733_1707,0,0,0
1423494_3,0,0,0
1773_15125,0,0,0
1448777_3,0,0,0
1423552_3,0,0,0
1773_21698,0,0,0
1773_14929,0,0,0
1448535_3,0,0,0
1773_29589,0,0,0
1773_1020,0,0,0
1773_15734,0,0,0
1773_15107,0,0,0
1773_14934,0,0,0
1773_1942,0,0,0
1773_1021,0,0,0
1448492_3,0,0,0
1773_14999,0,0,0
1773_16034,0,0,0
1773_15581,0,0,0
1773_1361,0,0,0
1773_1847,0,0,0
1773_1592,0,0,0
1448676_3,0,0,0
1773_29595,0,0,0
1438871_3,0,0,0
1773_15084,0,0,0
1773_15969,0,0,0
1773_29509,0,0,0
1773_21136,0,0,0
1397881_3,0,0,0
1295767_3,0,0,0
1773_16142,0,0,0
1773_1728,0,0,0
1773_29433,0,0,0
1773_14835,0,0,0
1773_16371,0,0,0
1324218_3,0,0,0
1422112_3,0,0,0
1773_14874,0,0,0
1423455_3,0,0,0
1773_15829,0,0,0
1773_1537,0,0,0
1773_15501,0,0,0
1773_20971,0,0,0
1397933_3,0,0,0
1427185_3,0,0,0
1773_15510,0,0,0
1733_1913,0,0,0
1427221_3,0,0,0
1455302_3,0,0,0
1773_20970,0,0,0
1773_15620,0,0,0
1773_1423,0,0,0
1773_15362,0,0,0
1773_29505,0,0,0
1733_1832,0,0,0
1448728_3,0,0,0
1427217_3,0,0,0
1773_15837,0,0,0
1773_14844,0,0,0
1400872_3,0,0,0
1773_15924,0,0,0
1773_15144,0,0,0
1773_15005,0,0,0
1773_1839,0,0,0
1773_1240,0,0,0
1773_14867,0,0,0
1773_16365,0,0,0
1773_15455,0,0,0
1773_16024,0,0,0
1773_16173,0,0,0
1422083_3,0,0,0
1773_1446,0,0,0
1773_14853,0,0,0
1773_15683,0,0,0
1773_14739,0,0,0
1423497_3,0,0,0
1773_15159,0,0,0
1733_1652,0,0,0
1773_15263,0,0,0
1773_16117,0,0,0
1773_1850,0,0,0
1423560_3,0,0,0
1773_15420,0,0,0
1773_15314,0,0,0
1773_3162,0,0,0
1400941_3,0,0,0
1773_1319,0,0,0
1773_29410,0,0,0
1400899_3,0,0,0
1773_1509,0,0,0
1773_16275,0,0,0
1773_15069,0,0,0
1773_15368,0,0,0
1773_15103,0,0,0
1773_14806,0,0,0
1773_1805,0,0,0
1421967_3,0,0,0
1324252_3,0,0,0
1773_1089,0,0,0
1773_15617,0,0,0
1773_14774,0,0,0
1417031_3,0,0,0
1448761_3,0,0,0
1773_14736,0,0,0
1448737_3,0,0,0
1773_21720,0,0,0
1324236_3,0,0,0
1773_1321,0,0,0
1417023_3,0,0,0
1773_14914,0,0,0
1773_29454,0,0,0
1773_15567,0,0,0
1773_15169,0,0,0
1773_16191,0,0,0
1773_15412,0,0,0
1773_15842,0,0,0
1427292_3,0,0,0
1773_15220,0,0,0
1773_1671,0,0,0
1448563_3,0,0,0
1773_15866,0,0,0
1773_20993,0,0,0
1773_16175,0,0,0
1422017_3,0,0,0
1423543_3,0,0,0
1773_14921,0,0,0
1773_16255,0,0,0
1397857_3,0,0,0
1773_16230,0,0,0
1773_15179,0,0,0
1773_20985,0,0,0
1773_15264,0,0,0
1773_15444,0,0,0
1448742_3,0,0,0
1448565_3,0,0,0
1448399_3,0,0,0
1773_1867,0,0,0
1733_1904,0,0,0
1773_1776,0,0,0
1773_21041,0,0,0
1448773_3,0,0,0
1773_29605,0,0,0
1773_15077,0,0,0
1324297_3,0,0,0
1417015_3,0,0,0
1773_1663,0,0,0
1448672_3,0,0,0
1448508_3,0,0,0
1448770_3,0,0,0
1773_15879,0,0,0
1773_29404,0,0,0
1773_1204,0,0,0
1400916_3,0,0,0
1773_15715,0,0,0
1427211_3,0,0,0
1448639_3,0,0,0
1421996_3,0,0,0
1773_15338,0,0,0
1773_16364,0,0,0
1427302_3,0,0,0
1773_1914,0,0,0
1773_1796,0,0,0
1295776_3,0,0,0
1773_15799,0,0,0
1773_16249,0,0,0
1773_1668,0,0,0
1397937_3,0,0,0
1455295_3,0,0,0
1773_15749,0,0,0
1421968_3,0,0,0
1773_16259,0,0,0
1773_14974,0,0,0
1773_16139,0,0,0
1773_1419,0,0,0
1773_16270,0,0,0
1397882_3,0,0,0
1773_21713,0,0,0
1765_408,0,0,0
1773_15520,0,0,0
1422055_3,0,0,0
1448755_3,0,0,0
1773_1909,0,0,0
1773_15563,0,0,0
1773_29445,0,0,0
1773_15226,0,0,0
1448696_3,0,0,0
1423572_3,0,0,0
1773_16093,0,0,0
1773_975,0,0,0
1773_15049,0,0,0
1773_1325,0,0,0
1421919_3,0,0,0
1448484_3,0,0,0
1324278_3,0,0,0
1733_2019,0,0,0
1773_15237,0,0,0
1733_2039,0,0,0
1773_29452,0,0,0
1773_21018,0,0,0
1773_21729,0,0,0
1427233_3,0,0,0
1421971_3,0,0,0
1423528_3,0,0,0
1448403_3,0,0,0
1421986_3,0,0,0
1417017_3,0,0,0
1773_15097,0,0,0
1423570_3,0,0,0
1773_20997,0,0,0
1773_1859,0,0,0
1773_15700,0,0,0
1773_21131,0,0,0
1773_20995,0,0,0
1773_1363,0,0,0
1773_15558,0,0,0
1773_29590,0,0,0
1773_15044,0,0,0
1773_981,0,0,0
1773_1614,0,0,0
1423505_3,0,0,0
1773_916,0,0,0
1773_29407,0,0,0
1773_16028,0,0,0
1773_16252,0,0,0
1773_16046,0,0,0
1422007_3,0,0,0
1400886_3,0,0,0
1773_15316,0,0,0
1773_1811,0,0,0
1773_15691,0,0,0
1773_21725,0,0,0
1417030_3,0,0,0
1773_16171,0,0,0
1733_1851,0,0,0
1421993_3,0,0,0
1773_14789,0,0,0
1773_15347,0,0,0
1773_15658,0,0,0
1773_983,0,0,0
1773_15143,0,0,0
1773_1878,0,0,0
1773_15758,0,0,0
1773_1019,0,0,0
1773_15849,0,0,0
1773_3229,0,0,0
1773_16104,0,0,0
1773_1094,0,0,0
1773_15846,0,0,0
1773_18095,0,0,0
1773_1430,0,0,0
1324229_3,0,0,0
1773_1887,0,0,0
1773_3361,0,0,0
1773_1982,0,0,0
1773_16156,0,0,0
1773_29496,0,0,0
1773_1944,0,0,0
1773_29728,0,0,0
1421921_3,0,0,0
1324257_3,0,0,0
1773_15137,0,0,0
1773_1011,0,0,0
1773_3523,0,0,0
1427254_3,0,0,0
1773_16026,0,0,0
1773_15958,0,0,0
1447458_3,0,0,0
1773_16256,0,0,0
1773_15486,0,0,0
1448767_3,0,0,0
1773_1957,0,0,0
1324230_3,0,0,0
1773_1232,0,0,0
1448663_3,0,0,0
1773_14897,0,0,0
1773_15408,0,0,0
1773_16172,0,0,0
1773_15038,0,0,0
1773_1777,0,0,0
1295766_3,0,0,0
1423532_3,0,0,0
1773_15027,0,0,0
1773_16023,0,0,0
1773_16314,0,0,0
1447456_3,0,0,0
1773_15625,0,0,0
1773_16118,0,0,0
1773_1386,0,0,0
1773_2890,0,0,0
1773_917,0,0,0
1773_15249,0,0,0
1773_16147,0,0,0
1422071_3,0,0,0
1773_16149,0,0,0
1773_1643,0,0,0
1447488_3,0,0,0
1773_29418,0,0,0
1773_1229,0,0,0
1773_15867,0,0,0
1295740_3,0,0,0
1397855_3,0,0,0
1773_1450,0,0,0
1448606_3,0,0,0
1423549_3,0,0,0
1773_1790,0,0,0
1773_1359,0,0,0
1773_15699,0,0,0
1773_29575,0,0,0
1773_15915,0,0,0
1448427_3,0,0,0
1773_1330,0,0,0
1773_14826,0,0,0
1773_1283,0,0,0
1773_3429,0,0,0
1447518_3,0,0,0
1448597_3,0,0,0
1773_1800,0,0,0
1773_15966,0,0,0
1773_14763,0,0,0
1773_15624,0,0,0
1773_15795,0,0,0
1423551_3,0,0,0
1773_29375,0,0,0
1773_15308,0,0,0
1773_15106,0,0,0
1773_15753,0,0,0
1773_29597,0,0,0
1448683_3,0,0,0
1324235_3,0,0,0
1773_15995,0,0,0
1400925_3,0,0,0
1773_15888,0,0,0
1422059_3,0,0,0
1397873_3,0,0,0
1773_16016,0,0,0
1773_1544,0,0,0
1773_15994,0,0,0
1773_16285,0,0,0
1448666_3,0,0,0
1448599_3,0,0,0
1324260_3,0,0,0
1773_1860,0,0,0
1448593_3,0,0,0
1448779_3,0,0,0
1423574_3,0,0,0
1423435_3,0,0,0
1773_29468,0,0,0
1773_14890,0,0,0
1773_1053,0,0,0
1773_15039,0,0,0
1773_21144,0,0,0
1421998_3,0,0,0
1773_15269,0,0,0
1422109_3,0,0,0
1773_15641,0,0,0
1773_14799,0,0,0
1773_15471,0,0,0
1773_1701,0,0,0
1773_1093,0,0,0
1773_15588,0,0,0
1773_15951,0,0,0
1773_29472,0,0,0
1773_15252,0,0,0
1773_16040,0,0,0
1773_14965,0,0,0
1773_986,0,0,0
1773_1618,0,0,0
1324277_3,0,0,0
1773_21719,0,0,0
1773_1602,0,0,0
1773_29569,0,0,0
1773_14743,0,0,0
1773_14925,0,0,0
1427229_3,0,0,0
1448587_3,0,0,0
1773_16070,0,0,0
1773_15640,0,0,0
1773_15838,0,0,0
1448707_3,0,0,0
1773_15516,0,0,0
1773_1032,0,0,0
1773_16162,0,0,0
1773_15776,0,0,0
1448613_3,0,0,0
1448643_3,0,0,0
1773_14963,0,0,0
1773_1210,0,0,0
1773_15215,0,0,0
1448471_3,0,0,0
1773_16133,0,0,0
1773_15488,0,0,0
1773_14978,0,0,0
1422066_3,0,0,0
1773_29515,0,0,0
1773_1100,0,0,0
1773_15339,0,0,0
1773_1438,0,0,0
1773_15274,0,0,0
1773_1773,0,0,0
1447468_3,0,0,0
1773_1601,0,0,0
1773_1320,0,0,0
1773_15627,0,0,0
1773_29529,0,0,0
1773_14955,0,0,0
1418253_3,0,0,0
1773_1634,0,0,0
1427294_3,0,0,0
1773_14911,0,0,0
1422006_3,0,0,0
1773_994,0,0,0
1773_15041,0,0,0
1773_29427,0,0,0
1773_15973,0,0,0
1448748_3,0,0,0
1773_15478,0,0,0
1773_15086,0,0,0
1423443_3,0,0,0
1773_15551,0,0,0
1773_15788,0,0,0
1773_1749,0,0,0
1773_16185,0,0,0
1773_15853,0,0,0
1773_15606,0,0,0
1455273_3,0,0,0
1773_16388,0,0,0
1448411_3,0,0,0
1295726_3,0,0,0
1773_15834,0,0,0
1773_15217,0,0,0
1773_29487,0,0,0
1448735_3,0,0,0
1773_15959,0,0,0
1773_29628,0,0,0
1773_15855,0,0,0
1773_16055,0,0,0
1773_1502,0,0,0
1773_16357,0,0,0
1773_14936,0,0,0
1773_1440,0,0,0
1438842_3,0,0,0
1773_1290,0,0,0
1427257_3,0,0,0
1427311_3,0,0,0
1773_1368,0,0,0
1773_15233,0,0,0
1773_15797,0,0,0
1773_1722,0,0,0
1773_21716,0,0,0
1773_1965,0,0,0
1773_1104,0,0,0
1427281_3,0,0,0
1773_16297,0,0,0
1773_15222,0,0,0
1773_15346,0,0,0
1773_15859,0,0,0
1397901_3,0,0,0
1773_1568,0,0,0
1773_14862,0,0,0
1423565_3,0,0,0
1773_1487,0,0,0
1423514_3,0,0,0
1773_1830,0,0,0
1448434_3,0,0,0
1773_29429,0,0,0
1773_14995,0,0,0
1773_15796,0,0,0
1773_15531,0,0,0
1773_15720,0,0,0
1773_1511,0,0,0
1773_15452,0,0,0
1448799_3,0,0,0
1773_1500,0,0,0
1773_15840,0,0,0
1773_16000,0,0,0
1773_14993,0,0,0
1422035_3,0,0,0
1448685_3,0,0,0
1773_1721,0,0,0
1773_1530,0,0,0
1773_1071,0,0,0
1448569_3,0,0,0
1773_1364,0,0,0
1773_15536,0,0,0
1773_15707,0,0,0
1773_1879,0,0,0
1773_16350,0,0,0
1773_15755,0,0,0
1397878_3,0,0,0
1773_1213,0,0,0
1773_3495,0,0,0
1422085_3,0,0,0
1427319_3,0,0,0
1773_14985,0,0,0
1427188_3,0,0,0
1448730_3,0,0,0
1773_15615,0,0,0
1773_16155,0,0,0
1773_14741,0,0,0
1773_21707,0,0,0
1773_1024,0,0,0
1773_29729,0,0,0
1773_16281,0,0,0
1324289_3,0,0,0
1773_15223,0,0,0
1400875_3,0,0,0
1733_1899,0,0,0
1422084_3,0,0,0
1418256_3,0,0,0
1455293_3,0,0,0
1773_1559,0,0,0
1773_16076,0,0,0
1773_961,0,0,0
1773_1483,0,0,0
1421924_3,0,0,0
1773_29424,0,0,0
1438856_3,0,0,0
1773_16064,0,0,0
1427181_3,0,0,0
1773_1202,0,0,0
1773_20988,0,0,0
1773_1259,0,0,0
1773_15491,0,0,0
1773_1273,0,0,0
1773_15132,0,0,0
1773_21733,0,0,0
1773_15577,0,0,0
1773_14972,0,0,0
1773_15323,0,0,0
1400882_3,0,0,0
1773_1333,0,0,0
1427266_3,0,0,0
1773_15945,0,0,0
1773_29511,0,0,0
1397906_3,0,0,0
1773_20951,0,0,0
1448800_3,0,0,0
1397871_3,0,0,0
1447493_3,0,0,0
1448612_3,0,0,0
1773_1443,0,0,0
1773_14813,0,0,0
1448447_3,0,0,0
1773_1365,0,0,0
1773_15514,0,0,0
1773_2515,0,0,0
1448481_3,0,0,0
1773_21727,0,0,0
1448523_3,0,0,0
1773_1461,0,0,0
1773_15047,0,0,0
1773_1920,0,0,0
1448517_3,0,0,0
1447504_3,0,0,0
1733_2005,0,0,0
1773_1485,0,0,0
1773_15532,0,0,0
1773_29564,0,0,0
1773_1692,0,0,0
1427262_3,0,0,0
1773_16080,0,0,0
1447516_3,0,0,0
1422072_3,0,0,0
1773_29507,0,0,0
1773_16274,0,0,0
1773_1453,0,0,0
1773_14930,0,0,0
1773_14777,0,0,0
1773_1558,0,0,0
1773_16088,0,0,0
1773_15463,0,0,0
1447519_3,0,0,0
1773_21708,0,0,0
1773_15535,0,0,0
1773_1337,0,0,0
1448789_3,0,0,0
1773_15526,0,0,0
1773_16237,0,0,0
1448786_3,0,0,0
1773_15056,0,0,0
1773_15392,0,0,0
1773_29555,0,0,0
1427274_3,0,0,0
1773_15608,0,0,0
1773_16176,0,0,0
1773_29570,0,0,0
1773_16240,0,0,0
1773_16020,0,0,0
1773_15764,0,0,0
1773_987,0,0,0
1422005_3,0,0,0
1773_1787,0,0,0
1773_15232,0,0,0
1773_15230,0,0,0
1773_21722,0,0,0
1773_14798,0,0,0
1773_29500,0,0,0
1773_15889,0,0,0
1421952_3,0,0,0
1773_3528,0,0,0
1773_1338,0,0,0
1733_1881,0,0,0
1773_15980,0,0,0
1421975_3,0,0,0
1773_15652,0,0,0
1773_21726,0,0,0
1773_1411,0,0,0
1773_15128,0,0,0
1773_15539,0,0,0
1773_1218,0,0,0
1773_1459,0,0,0
1427289_3,0,0,0
1773_29546,0,0,0
1773_15865,0,0,0
1773_16111,0,0,0
1448630_3,0,0,0
1773_15416,0,0,0
1773_15591,0,0,0
1773_15026,0,0,0
1773_15127,0,0,0
1400889_3,0,0,0
1773_16121,0,0,0
1427215_3,0,0,0
1773_1289,0,0,0
1773_16150,0,0,0
1773_29366,0,0,0
1773_1065,0,0,0
1773_15367,0,0,0
1448625_3,0,0,0
1324245_3,0,0,0
1417019_3,0,0,0
1773_16301,0,0,0
1773_271,0,0,0
1773_14804,0,0,0
1773_15168,0,0,0
1448527_3,0,0,0
1773_16254,0,0,0
1773_1102,0,0,0
1397935_3,0,0,0
1295772_3,0,0,0
1733_1831,0,0,0
1438858_3,0,0,0
1427187_3,0,0,0
1773_29357,0,0,0
1773_1005,0,0,0
1773_15464,0,0,0
1427243_3,0,0,0
1421969_3,0,0,0
1773_29448,0,0,0
1773_15650,0,0,0
1773_15327,0,0,0
1773_16067,0,0,0
1448495_3,0,0,0
1773_21053,0,0,0
1773_1256,0,0,0
1423508_3,0,0,0
1447496_3,0,0,0
1773_15012,0,0,0
1773_15281,0,0,0
1421950_3,0,0,0
1438846_3,0,0,0
1773_15388,0,0,0
1773_16269,0,0,0
1773_1895,0,0,0
1773_1482,0,0,0
1421988_3,0,0,0
1773_15418,0,0,0
1773_16261,0,0,0
1448807_3,0,0,0
1773_1582,0,0,0
1421937_3,0,0,0
1773_21723,0,0,0
1773_15428,0,0,0
1455283_3,0,0,0
1448788_3,0,0,0
1773_14940,0,0,0
1773_15821,0,0,0
1773_16382,0,0,0
1427297_3,0,0,0
1427275_3,0,0,0
1448437_3,0,0,0
1448436_3,0,0,0
1773_1372,0,0,0
1773_15559,0,0,0
1773_1613,0,0,0
1438852_3,0,0,0
1773_15881,0,0,0
1448406_3,0,0,0
1773_29499,0,0,0
1773_16021,0,0,0
1773_20953,0,0,0
1773_14898,0,0,0
1773_20958,0,0,0
1733_1920,0,0,0
1773_1543,0,0,0
1455289_3,0,0,0
1773_29444,0,0,0
1773_15456,0,0,0
1773_1918,0,0,0
1423547_3,0,0,0
1773_1001,0,0,0
1773_15481,0,0,0
1773_15921,0,0,0
1448831_3,0,0,0
1773_1057,0,0,0
1773_14973,0,0,0
1773_15970,0,0,0
1773_3117,0,0,0
1773_1219,0,0,0
1773_29439,0,0,0
1773_1947,0,0,0
1397923_3,0,0,0
1417014_3,0,0,0
1295724_3,0,0,0
1773_21021,0,0,0
1773_1448,0,0,0
1773_20948,0,0,0
1773_15164,0,0,0
1773_1636,0,0,0
1773_15723,0,0,0
1733_1898,0,0,0
1773_29482,0,0,0
1448744_3,0,0,0
1448448_3,0,0,0
1400915_3,0,0,0
1773_1608,0,0,0
1773_29613,0,0,0
1773_16122,0,0,0
1423471_3,0,0,0
1773_1478,0,0,0
1773_20975,0,0,0
1773_15031,0,0,0
1422013_3,0,0,0
1773_1888,0,0,0
1773_1658,0,0,0
1773_1780,0,0,0
1400871_3,0,0,0
1773_1221,0,0,0
1773_15603,0,0,0
1773_21728,0,0,0
1773_15857,0,0,0
1733_1829,0,0,0
1422039_3,0,0,0
1773_1647,0,0,0
1773_15473,0,0,0
1448653_3,0,0,0
1773_1344,0,0,0
1773_15399,0,0,0
1773_15597,0,0,0
1448709_3,0,0,0
1773_15800,0,0,0
1773_1774,0,0,0
1733_1847,0,0,0
1773_15461,0,0,0
1773_21007,0,0,0
1400937_3,0,0,0
1773_16058,0,0,0
1773_16307,0,0,0
1448686_3,0,0,0
1773_1207,0,0,0
1773_1756,0,0,0
1773_16377,0,0,0
1773_1471,0,0,0
1773_15981,0,0,0
1773_15940,0,0,0
1773_15063,0,0,0
1773_15657,0,0,0
1733_1978,0,0,0
1773_1528,0,0,0
1773_15442,0,0,0
1773_16262,0,0,0
1773_15205,0,0,0
1448522_3,0,0,0
1773_1818,0,0,0
1773_21033,0,0,0
1773_15253,0,0,0
1773_20973,0,0,0
1448682_3,0,0,0
1421973_3,0,0,0
1773_1829,0,0,0
1448614_3,0,0,0
1773_1224,0,0,0
1423489_3,0,0,0
1448792_3,0,0,0
1773_16204,0,0,0
1773_1825,0,0,0
1427293_3,0,0,0
1422018_3,0,0,0
1773_969,0,0,0
1773_15632,0,0,0
1773_15335,0,0,0
1773_1883,0,0,0
1773_15702,0,0,0
1773_16212,0,0,0
1773_1346,0,0,0
1427227_3,0,0,0
1773_15852,0,0,0
1773_15548,0,0,0
1733_1830,0,0,0
1448482_3,0,0,0
1773_15918,0,0,0
1295744_3,0,0,0
1773_15342,0,0,0
1773_14875,0,0,0
1448681_3,0,0,0
1773_15052,0,0,0
1448546_3,0,0,0
1400880_3,0,0,0
1397883_3,0,0,0
1773_1355,0,0,0
1773_1688,0,0,0
1773_15437,0,0,0
1773_29442,0,0,0
1422079_3,0,0,0
1773_29449,0,0,0
1773_29453,0,0,0
1773_1732,0,0,0
1422037_3,0,0,0
1422044_3,0,0,0
1773_1837,0,0,0
1421945_3,0,0,0
1448454_3,0,0,0
1427223_3,0,0,0
1773_1585,0,0,0
1427322_3,0,0,0
1773_1412,0,0,0
1427315_3,0,0,0
1422103_3,0,0,0
1422000_3,0,0,0
1324219_3,0,0,0
1773_1432,0,0,0
1324238_3,0,0,0
1773_21056,0,0,0
1773_21063,0,0,0
1773_16238,0,0,0
1773_15811,0,0,0
1773_21700,0,0,0
1427256_3,0,0,0
1400927_3,0,0,0
1773_15697,0,0,0
1448808_3,0,0,0
1423499_3,0,0,0
1773_16044,0,0,0
1397921_3,0,0,0
1400884_3,0,0,0
1773_1765,0,0,0
1773_29531,0,0,0
1773_907,0,0,0
1773_15162,0,0,0
1448530_3,0,0,0
1773_1255,0,0,0
1773_29573,0,0,0
1324233_3,0,0,0
1773_1098,0,0,0
1773_16331,0,0,0
1773_1664,0,0,0
1773_15863,0,0,0
1773_1738,0,0,0
1773_16056,0,0,0
1397904_3,0,0,0
1773_1332,0,0,0
1773_15818,0,0,0
1773_29610,0,0,0
1733_1827,0,0,0
1773_15580,0,0,0
1773_1706,0,0,0
1455290_3,0,0,0
1773_15404,0,0,0
1423541_3,0,0,0
1448757_3,0,0,0
1773_15024,0,0,0
1773_16330,0,0,0
1448449_3,0,0,0
1422089_3,0,0,0
1773_15527,0,0,0
1773_1812,0,0,0
1773_15174,0,0,0
1448833_3,0,0,0
1773_991,0,0,0
1448729_3,0,0,0
1773_29611,0,0,0
1773_15964,0,0,0
1773_29582,0,0,0
1422082_3,0,0,0
1773_15761,0,0,0
1773_15167,0,0,0
1773_15138,0,0,0
1773_1711,0,0,0
1448690_3,0,0,0
1773_1445,0,0,0
1773_29612,0,0,0
1397869_3,0,0,0
1733_1945,0,0,0
1773_1799,0,0,0
1324240_3,0,0,0
1773_29536,0,0,0
1438850_3,0,0,0
1773_15448,0,0,0
1773_15193,0,0,0
1773_21134,0,0,0
1773_15868,0,0,0
1773_1503,0,0,0
1448417_3,0,0,0
1773_29574,0,0,0
1448464_3,0,0,0
1773_29528,0,0,0
1773_1823,0,0,0
1773_14946,0,0,0
1773_15198,0,0,0
1773_1970,0,0,0
1773_15468,0,0,0
1773_21044,0,0,0
1773_15062,0,0,0
1733_1871,0,0,0
1773_1584,0,0,0
1773_21029,0,0,0
1773_15309,0,0,0
1773_15102,0,0,0
1448669_3,0,0,0
1773_14991,0,0,0
1773_15718,0,0,0
1773_15648,0,0,0
1773_29506,0,0,0
1733_1908,0,0,0
1773_16138,0,0,0
1773_16219,0,0,0
1773_15629,0,0,0
1733_1919,0,0,0
1423495_3,0,0,0
1447508_3,0,0,0
1448817_3,0,0,0
1773_1899,0,0,0
1773_927,0,0,0
1773_15369,0,0,0
1773_15286,0,0,0
1773_15356,0,0,0
1423439_3,0,0,0
1448703_3,0,0,0
1397863_3,0,0,0
1422076_3,0,0,0
1773_1591,0,0,0
1402585_3,0,0,0
1324272_3,0,0,0
1773_20947,0,0,0
1733_1968,0,0,0
1295753_3,0,0,0
1773_15922,0,0,0
1773_29417,0,0,0
1773_15905,0,0,0
1773_1435,0,0,0
1447448_3,0,0,0
1733_1976,0,0,0
1324294_3,0,0,0
1733_1988,0,0,0
1773_15057,0,0,0
1773_15123,0,0,0
1448602_3,0,0,0
1773_16306,0,0,0
1773_29462,0,0,0
1773_15257,0,0,0
1773_3294,0,0,0
1773_1479,0,0,0
1422074_3,0,0,0
1773_14784,0,0,0
1773_1258,0,0,0
1448760_3,0,0,0
1773_15210,0,0,0
1448590_3,0,0,0
1733_1825,0,0,0
1773_15929,0,0,0
1773_21068,0,0,0
1448695_3,0,0,0
1773_21011,0,0,0
1773_20978,0,0,0
1773_15623,0,0,0
1773_15284,0,0,0
1400931_3,0,0,0
1773_15662,0,0,0
1773_16144,0,0,0
1773_14851,0,0,0
1427324_3,0,0,0
1773_16012,0,0,0
1773_1013,0,0,0
1773_20996,0,0,0
1427312_3,0,0,0
1773_16143,0,0,0
1773_15386,0,0,0
1448410_3,0,0,0
1448745_3,0,0,0
1773_21004,0,0,0
1773_29422,0,0,0
1427226_3,0,0,0
1773_15690,0,0,0
1773_15472,0,0,0
1773_29616,0,0,0
1773_29370,0,0,0
1421944_3,0,0,0
1773_14852,0,0,0
1773_14846,0,0,0
1773_3329,0,0,0
1773_15809,0,0,0
1773_29411,0,0,0
1324295_3,0,0,0
1448813_3,0,0,0
1773_20976,0,0,0
1448688_3,0,0,0
1423483_3,0,0,0
1448498_3,0,0,0
1773_14816,0,0,0
1447505_3,0,0,0
1448704_3,0,0,0
1773_1495,0,0,0
1773_20964,0,0,0
1773_15133,0,0,0
1773_14836,0,0,0
1733_1834,0,0,0
1421955_3,0,0,0
1427255_3,0,0,0
1773_21071,0,0,0
1773_1465,0,0,0
1773_16134,0,0,0
1447484_3,0,0,0
1773_15197,0,0,0
1417010_3,0,0,0
1773_1437,0,0,0
1773_16113,0,0,0
1773_949,0,0,0
1448720_3,0,0,0
1324271_3,0,0,0
1773_1916,0,0,0
1773_15370,0,0,0
1773_16137,0,0,0
1423509_3,0,0,0
1773_14849,0,0,0
1773_29554,0,0,0
1455263_3,0,0,0
1773_15065,0,0,0
1773_15434,0,0,0
1773_1906,0,0,0
1773_1822,0,0,0
1448687_3,0,0,0
1773_15600,0,0,0
1422046_3,0,0,0
1400902_3,0,0,0
1397915_3,0,0,0
1733_1949,0,0,0
1773_1757,0,0,0
1773_15322,0,0,0
1773_1376,0,0,0
1773_15234,0,0,0
1448401_3,0,0,0
1773_15930,0,0,0
1773_16116,0,0,0
1773_15687,0,0,0
1773_16220,0,0,0
1773_29393,0,0,0
1448460_3,0,0,0
1773_15729,0,0,0
1773_15899,0,0,0
1448483_3,0,0,0
1448798_3,0,0,0
1421931_3,0,0,0
1773_1766,0,0,0
1324282_3,0,0,0
1773_1454,0,0,0
1773_1653,0,0,0
1448461_3,0,0,0
1773_16313,0,0,0
1773_15475,0,0,0
1773_15746,0,0,0
1773_1950,0,0,0
1773_15118,0,0,0
1773_21003,0,0,0
1773_16033,0,0,0
1423427_3,0,0,0
1773_15045,0,0,0
1733_1940,0,0,0
1773_16232,0,0,0
1773_1027,0,0,0
1773_29617,0,0,0
1773_15779,0,0,0
1773_16095,0,0,0
1773_15265,0,0,0
1773_15202,0,0,0
1397907_3,0,0,0
1448452_3,0,0,0
1773_15934,0,0,0
1773_15654,0,0,0
1773_21030,0,0,0
1773_15251,0,0,0
1773_1103,0,0,0
1455308_3,0,0,0
1448600_3,0,0,0
1773_15512,0,0,0
1773_1073,0,0,0
1773_14966,0,0,0
1427219_3,0,0,0
1773_1904,0,0,0
1773_15407,0,0,0
1773_15318,0,0,0
1448589_3,0,0,0
1773_1109,0,0,0
1773_15192,0,0,0
1773_14957,0,0,0
1773_16013,0,0,0
1423476_3,0,0,0
1773_15844,0,0,0
1773_1951,0,0,0
1773_29620,0,0,0
1448532_3,0,0,0
1773_1215,0,0,0
1773_15177,0,0,0
1773_1007,0,0,0
1400928_3,0,0,0
1448678_3,0,0,0
1773_15008,0,0,0
1773_1758,0,0,0
1773_15470,0,0,0
1773_15988,0,0,0
1773_1815,0,0,0
1423564_3,0,0,0
1773_1307,0,0,0
1773_15297,0,0,0
1773_1555,0,0,0
1773_1460,0,0,0
1448446_3,0,0,0
1448753_3,0,0,0
1773_29368,0,0,0
1773_15270,0,0,0
1773_1383,0,0,0
1773_16090,0,0,0
1773_15950,0,0,0
1773_1441,0,0,0
1773_1940,0,0,0
1423502_3,0,0,0
1773_1891,0,0,0
1773_16215,0,0,0
1427259_3,0,0,0
1427248_3,0,0,0
1773_1110,0,0,0
1773_15667,0,0,0
1773_1616,0,0,0
1773_15299,0,0,0
1423554_3,0,0,0
1773_15555,0,0,0
1773_15843,0,0,0
1773_1553,0,0,0
1773_29473,0,0,0
1773_14821,0,0,0
1295795_3,0,0,0
1448561_3,0,0,0
1773_14782,0,0,0
1773_20956,0,0,0
1773_15135,0,0,0
1773_15671,0,0,0
1423503_3,0,0,0
1324273_3,0,0,0
1773_1854,0,0,0
1773_14958,0,0,0
1773_15726,0,0,0
1773_15476,0,0,0
1448509_3,0,0,0
1773_20998,0,0,0
1427244_3,0,0,0
1773_1661,0,0,0
1773_14845,0,0,0
1773_16132,0,0,0
1773_14893,0,0,0
1773_15266,0,0,0
1773_15064,0,0,0
1773_29376,0,0,0
1773_15913,0,0,0
1773_14881,0,0,0
1400881_3,0,0,0
1773_1808,0,0,0
1773_15664,0,0,0
1773_15955,0,0,0
1448829_3,0,0,0
1448585_3,0,0,0
1448781_3,0,0,0
1773_16206,0,0,0
1773_16223,0,0,0
1422078_3,0,0,0
1447475_3,0,0,0
1773_15385,0,0,0
1773_21057,0,0,0
1773_14729,0,0,0
1773_898,0,0,0
1773_16096,0,0,0
1773_1563,0,0,0
1773_21005,0,0,0
1773_16316,0,0,0
1422041_3,0,0,0
1773_14787,0,0,0
1773_1047,0,0,0
1773_2517,0,0,0
1448598_3,0,0,0
1295720_3,0,0,0
1773_1840,0,0,0
1773_15098,0,0,0
1773_1327,0,0,0
1397858_3,0,0,0
1773_15665,0,0,0
1422008_3,0,0,0
1773_15025,0,0,0
1773_1322,0,0,0
1773_3519,0,0,0
1773_15661,0,0,0
1773_15711,0,0,0
1447467_3,0,0,0
1773_15149,0,0,0
1773_1955,0,0,0
1773_21724,0,0,0
1423448_3,0,0,0
1423464_3,0,0,0
1773_1611,0,0,0
1448629_3,0,0,0
1773_15142,0,0,0
1773_16292,0,0,0
1773_1402,0,0,0
1773_29480,0,0,0
1773_1205,0,0,0
1773_15504,0,0,0
1773_29389,0,0,0
1773_15943,0,0,0
1773_14904,0,0,0
1773_16131,0,0,0
1773_16392,0,0,0
1421933_3,0,0,0
1448595_3,0,0,0
1773_15207,0,0,0
1773_16253,0,0,0
1773_1285,0,0,0
1417018_3,0,0,0
1773_15285,0,0,0
1773_1893,0,0,0
1773_14959,0,0,0
1421983_3,0,0,0
1773_3521,0,0,0
1773_15040,0,0,0
1733_1856,0,0,0
1423540_3,0,0,0
1773_932,0,0,0
1773_29576,0,0,0
1773_1237,0,0,0
1773_15372,0,0,0
1773_15111,0,0,0
1773_15760,0,0,0
1773_29629,0,0,0
1421936_3,0,0,0
1773_16344,0,0,0
1773_16004,0,0,0
1427242_3,0,0,0
1773_20992,0,0,0
1773_15203,0,0,0
1773_29600,0,0,0
1397920_3,0,0,0
1773_15378,0,0,0
1448404_3,0,0,0
1773_15161,0,0,0
1773_16298,0,0,0
1773_1718,0,0,0
1773_16354,0,0,0
1773_15120,0,0,0
1397865_3,0,0,0
1773_15709,0,0,0
1773_14753,0,0,0
1773_1267,0,0,0
1421939_3,0,0,0
1773_16047,0,0,0
1427323_3,0,0,0
1773_29551,0,0,0
1773_1326,0,0,0
1773_21721,0,0,0
1773_14803,0,0,0
1417012_3,0,0,0
1773_29400,0,0,0
1773_20950,0,0,0
1423486_3,0,0,0
1773_921,0,0,0
1773_1797,0,0,0
1733_1869,0,0,0
1773_14775,0,0,0
1773_15525,0,0,0
1773_16170,0,0,0
1773_14730,0,0,0
1448559_3,0,0,0
1773_15116,0,0,0
1773_29524,0,0,0
1773_15791,0,0,0
1773_1760,0,0,0
1773_14982,0,0,0
1423575_3,0,0,0
1773_1693,0,0,0
1773_1211,0,0,0
1448796_3,0,0,0
1417016_3,0,0,0
1423498_3,0,0,0
1773_14760,0,0,0
1448642_3,0,0,0
1773_1302,0,0,0
1400936_3,0,0,0
1773_16236,0,0,0
1773_21001,0,0,0
1423444_3,0,0,0
1427194_3,0,0,0
1773_29402,0,0,0
1773_29432,0,0,0
1773_14795,0,0,0
1773_16177,0,0,0
1423519_3,0,0,0
1773_1097,0,0,0
1773_29513,0,0,0
1773_15975,0,0,0
1773_15345,0,0,0
1773_14886,0,0,0
1773_15171,0,0,0
1400914_3,0,0,0
1773_29516,0,0,0
1773_16035,0,0,0
1773_15916,0,0,0
1773_29630,0,0,0
1773_16069,0,0,0
1773_1055,0,0,0
1773_16394,0,0,0
1773_1785,0,0,0
1773_1680,0,0,0
1773_1931,0,0,0
1447451_3,0,0,0
1773_15158,0,0,0
1773_14850,0,0,0
1773_15423,0,0,0
1422057_3,0,0,0
1773_16102,0,0,0
1773_16340,0,0,0
1773_15121,0,0,0
1773_21038,0,0,0
1773_15228,0,0,0
1427212_3,0,0,0
1423480_3,0,0,0
1773_14924,0,0,0
1773_15451,0,0,0
1773_14834,0,0,0
1773_1549,0,0,0
1438872_3,0,0,0
1773_1535,0,0,0
1773_15598,0,0,0
1773_1932,0,0,0
1773_15068,0,0,0
1397889_3,0,0,0
1427309_3,0,0,0
1324227_3,0,0,0
1427258_3,0,0,0
1448395_3,0,0,0
1448673_3,0,0,0
1733_1935,0,0,0
1773_14742,0,0,0
1773_15601,0,0,0
1455286_3,0,0,0
1773_21042,0,0,0
1324275_3,0,0,0
1773_15267,0,0,0
1773_15696,0,0,0
1773_15802,0,0,0
1773_15694,0,0,0
1773_15001,0,0,0
1448689_3,0,0,0
1397936_3,0,0,0
1400935_3,0,0,0
1422021_3,0,0,0
1427321_3,0,0,0
1773_15377,0,0,0
1421942_3,0,0,0
1773_15937,0,0,0
1324226_3,0,0,0
1773_1523,0,0,0
1417020_3,0,0,0
1423460_3,0,0,0
1773_21715,0,0,0
1448576_3,0,0,0
1733_1837,0,0,0
1773_938,0,0,0
1448592_3,0,0,0
1423454_3,0,0,0
1295781_3,0,0,0
1448731_3,0,0,0
1773_15902,0,0,0
1324254_3,0,0,0
1448414_3,0,0,0
1417008_3,0,0,0
1773_1352,0,0,0
1773_15110,0,0,0
1773_15656,0,0,0
1773_15874,0,0,0
1773_14919,0,0,0
1448766_3,0,0,0
1773_20960,0,0,0
1773_15505,0,0,0
1773_16296,0,0,0
1421918_3,0,0,0
1773_967,0,0,0
1773_14990,0,0,0
1295782_3,0,0,0
1773_16006,0,0,0
1773_15492,0,0,0
1773_976,0,0,0
1773_15324,0,0,0
1397903_3,0,0,0
1773_16258,0,0,0
1773_29527,0,0,0
1773_16360,0,0,0
1733_1921,0,0,0
1773_1023,0,0,0
1773_20991,0,0,0
1427196_3,0,0,0
1324288_3,0,0,0
1773_29401,0,0,0
1773_14977,0,0,0
1448680_3,0,0,0
1773_15782,0,0,0
1423518_3,0,0,0
1773_29581,0,0,0
1427179_3,0,0,0
1773_15395,0,0,0
1423530_3,0,0,0
1397884_3,0,0,0
1423513_3,0,0,0
1773_15984,0,0,0
1773_16107,0,0,0
1773_997,0,0,0
1773_16332,0,0,0
1773_1489,0,0,0
1773_15172,0,0,0
1773_15642,0,0,0
1773_16337,0,0,0
1773_16126,0,0,0
1455288_3,0,0,0
1773_20944,0,0,0
1773_15860,0,0,0
1773_29399,0,0,0
1773_16355,0,0,0
1421927_3,0,0,0
1773_15495,0,0,0
1448564_3,0,0,0
1773_29488,0,0,0
1447489_3,0,0,0
1773_1504,0,0,0
1773_16053,0,0,0
1773_3530,0,0,0
1773_29580,0,0,0
1773_20955,0,0,0
1773_15498,0,0,0
1397872_3,0,0,0
1447514_3,0,0,0
1448693_3,0,0,0
1773_1245,0,0,0
1773_16195,0,0,0
1773_14756,0,0,0
1427218_3,0,0,0
1455291_3,0,0,0
1421948_3,0,0,0
1733_1903,0,0,0
1295792_3,0,0,0
1773_1506,0,0,0
1773_16376,0,0,0
1773_15310,0,0,0
1773_1974,0,0,0
1773_15820,0,0,0
1773_950,0,0,0
1773_1579,0,0,0
1733_2015,0,0,0
1773_21704,0,0,0
1773_15070,0,0,0
1773_1496,0,0,0
1448513_3,0,0,0
1773_29540,0,0,0
1773_15602,0,0,0
1773_29609,0,0,0
1733_1906,0,0,0
1448609_3,0,0,0
1773_1620,0,0,0
33894_6,0,0,0
1324281_3,0,0,0
1397914_3,0,0,0
1773_16029,0,0,0
1773_15326,0,0,0
1427222_3,0,0,0
1423492_3,0,0,0
1324224_3,0,0,0
1773_3524,0,0,0
1773_15048,0,0,0
1773_1416,0,0,0
1773_15847,0,0,0
1448835_3,0,0,0
1773_1050,0,0,0
1448806_3,0,0,0
1773_15628,0,0,0
1773_15780,0,0,0
1773_15245,0,0,0
1400883_3,0,0,0
1773_1222,0,0,0
1773_1868,0,0,0
1773_1353,0,0,0
1295757_3,0,0,0
1773_15704,0,0,0
1773_1627,0,0,0
1448473_3,0,0,0
1773_1409,0,0,0
1400879_3,0,0,0
1421960_3,0,0,0
1773_16186,0,0,0
1773_16327,0,0,0
1773_14906,0,0,0
1773_1576,0,0,0
1773_1744,0,0,0
1448400_3,0,0,0
1427269_3,0,0,0
1448620_3,0,0,0
1448706_3,0,0,0
1422020_3,0,0,0
1773_29458,0,0,0
1427197_3,0,0,0
1773_1226,0,0,0
1773_21082,0,0,0
1773_29456,0,0,0
1773_1415,0,0,0
1773_16068,0,0,0
1773_1451,0,0,0
1773_14833,0,0,0
1773_1593,0,0,0
1773_15891,0,0,0
1773_14819,0,0,0
1773_1231,0,0,0
1447443_3,0,0,0
1324293_3,0,0,0
1773_15340,0,0,0
1773_14918,0,0,0
1773_15685,0,0,0
1773_15634,0,0,0
1773_20934,0,0,0
1448739_3,0,0,0
1773_15568,0,0,0
1773_1809,0,0,0
1733_1852,0,0,0
1448701_3,0,0,0
1773_1694,0,0,0
1773_14838,0,0,0
1773_1641,0,0,0
1773_15971,0,0,0
1447447_3,0,0,0
1773_16312,0,0,0
1773_20982,0,0,0
1773_16075,0,0,0
1773_1724,0,0,0
1773_15845,0,0,0
1423463_3,0,0,0
1397929_3,0,0,0
1773_1863,0,0,0
1773_15088,0,0,0
1427299_3,0,0,0
1324223_3,0,0,0
1773_20946,0,0,0
1773_1607,0,0,0
1773_2724,0,0,0
1773_1892,0,0,0
1427279_3,0,0,0
1773_15813,0,0,0
1773_29498,0,0,0
1773_1656,0,0,0
1773_15983,0,0,0
1773_14937,0,0,0
1773_15819,0,0,0
1773_14857,0,0,0
1448529_3,0,0,0
1773_16389,0,0,0
1773_15825,0,0,0
1773_1233,0,0,0
1773_14952,0,0,0
1773_15676,0,0,0
1773_15036,0,0,0
1423539_3,0,0,0
1773_15015,0,0,0
1773_1561,0,0,0
1773_29391,0,0,0
1773_15490,0,0,0
1773_951,0,0,0
1773_16315,0,0,0
1773_1490,0,0,0
1427286_3,0,0,0
1448393_3,0,0,0
1773_14942,0,0,0
1423474_3,0,0,0
1773_29596,0,0,0
1773_15957,0,0,0
1773_15731,0,0,0
1773_16115,0,0,0
1773_1793,0,0,0
1773_1238,0,0,0
1448554_3,0,0,0
1773_1348,0,0,0
1773_15188,0,0,0
1773_15283,0,0,0
1324221_3,0,0,0
1773_1851,0,0,0
1773_1206,0,0,0
1773_15870,0,0,0
1773_20972,0,0,0
1773_943,0,0,0
1773_14829,0,0,0
1773_2604,0,0,0
1773_1421,0,0,0
1773_15547,0,0,0
1773_15276,0,0,0
1773_16323,0,0,0
1773_14931,0,0,0
1773_1343,0,0,0
1397924_3,0,0,0
1773_1388,0,0,0
1773_1960,0,0,0
1295760_3,0,0,0
1773_1484,0,0,0
1773_980,0,0,0
1773_15199,0,0,0
1324234_4,0,0,0
1773_15790,0,0,0
1773_1926,0,0,0
1773_15607,0,0,0
1773_29592,0,0,0
1773_15932,0,0,0
1773_15358,0,0,0
1773_15083,0,0,0
1773_14778,0,0,0
1773_15722,0,0,0
1773_15706,0,0,0
1448769_3,0,0,0
1422009_3,0,0,0
1448665_3,0,0,0
1773_1557,0,0,0
1773_16059,0,0,0
1773_1403,0,0,0
1773_1474,0,0,0
1773_1699,0,0,0
1773_16037,0,0,0
1773_1733,0,0,0
1773_15817,0,0,0
1773_20994,0,0,0
1773_15907,0,0,0
1773_1626,0,0,0
1773_20989,0,0,0
1773_14837,0,0,0
1773_1541,0,0,0
1448811_3,0,0,0
1295721_3,0,0,0
1773_15374,0,0,0
1773_16192,0,0,0
1448456_3,0,0,0
1773_201,0,0,0
1447434_3,0,0,0
1773_3526,0,0,0
1773_16211,0,0,0
1448488_3,0,0,0
1438874_3,0,0,0
1773_29512,0,0,0
1773_1632,0,0,0
1448801_3,0,0,0
1773_21709,0,0,0
1438847_3,0,0,0
1773_15785,0,0,0
1773_15771,0,0,0
1773_16324,0,0,0
1773_21133,0,0,0
1773_1716,0,0,0
1773_15712,0,0,0
1773_2351,0,0,0
1773_21054,0,0,0
1773_15887,0,0,0
1773_1644,0,0,0
1773_1366,0,0,0
1773_16384,0,0,0
1773_15480,0,0,0
1773_15710,0,0,0
1773_1820,0,0,0
1773_16367,0,0,0
1421991_3,0,0,0
1773_15885,0,0,0
1423451_3,0,0,0
1773_1395,0,0,0
1448430_3,0,0,0
1773_20967,0,0,0
1324262_3,0,0,0
1773_15877,0,0,0
1773_1870,0,0,0
1423488_3,0,0,0
1773_1881,0,0,0
1773_14746,0,0,0
1773_14734,0,0,0
1295796_3,0,0,0
1773_15115,0,0,0
1773_14780,0,0,0
1447460_3,0,0,0
1733_1907,0,0,0
1448734_3,0,0,0
1448635_3,0,0,0
1295791_3,0,0,0
1773_16271,0,0,0
1421990_3,0,0,0
1773_20940,0,0,0
1773_1572,0,0,0
1324239_3,0,0,0
1773_1025,0,0,0
1773_16390,0,0,0
1773_15246,0,0,0
1773_16160,0,0,0
1773_16014,0,0,0
1773_20962,0,0,0
1773_29377,0,0,0
1447482_3,0,0,0
1448459_3,0,0,0
1773_29483,0,0,0
1773_14891,0,0,0
1427260_3,0,0,0
1773_16380,0,0,0
1422088_3,0,0,0
1773_1405,0,0,0
1773_16041,0,0,0
1773_15035,0,0,0
1773_1781,0,0,0
1773_29396,0,0,0
1773_15400,0,0,0
1427183_3,0,0,0
1448677_3,0,0,0
1455275_3,0,0,0
1773_15910,0,0,0
1773_15595,0,0,0
1423506_3,0,0,0
1773_15968,0,0,0
1773_15856,0,0,0
1773_1945,0,0,0
1773_14744,0,0,0
1733_1841,0,0,0
1427301_3,0,0,0
1773_1517,0,0,0
1773_14975,0,0,0
1773_15190,0,0,0
1773_29538,0,0,0
1773_15743,0,0,0
1400877_3,0,0,0
1423432_3,0,0,0
1733_1939,0,0,0
1773_14731,0,0,0
1773_15306,0,0,0
1422061_3,0,0,0
1448764_3,0,0,0
1773_1266,0,0,0
1455311_3,0,0,0
1427282_3,0,0,0
1421926_3,0,0,0
1773_15569,0,0,0
1773_29484,0,0,0
1438863_3,0,0,0
1773_1324,0,0,0
1421943_3,0,0,0
1447435_3,0,0,0
1427307_3,0,0,0
1448650_3,0,0,0
1773_15178,0,0,0
1423468_3,0,0,0
1773_1393,0,0,0
1773_1937,0,0,0
1773_14773,0,0,0
1295759_3,0,0,0
1773_14954,0,0,0
1773_1874,0,0,0
1773_16100,0,0,0
1773_15101,0,0,0
1773_1710,0,0,0
1773_15449,0,0,0
1773_15806,0,0,0
1773_15646,0,0,0
1773_14869,0,0,0
1773_15157,0,0,0
1455278_3,0,0,0
1448474_3,0,0,0
1773_15637,0,0,0
1773_909,0,0,0
1733_1980,0,0,0
1773_15019,0,0,0
1773_15689,0,0,0
1421923_3,0,0,0
1448660_3,0,0,0
1773_21139,0,0,0
1397922_3,0,0,0
1773_15967,0,0,0
1421935_3,0,0,0
1773_1091,0,0,0
1417027_3,0,0,0
1421992_3,0,0,0
1773_20961,0,0,0
1773_1654,0,0,0
1773_1622,0,0,0
1773_1575,0,0,0
1773_15896,0,0,0
1773_1707,0,0,0
1448802_3,0,0,0
1448467_3,0,0,0
1448721_3,0,0,0
1773_15669,0,0,0
1773_1401,0,0,0
1773_15494,0,0,0
1773_1640,0,0,0
1773_1516,0,0,0
1773_1428,0,0,0
1773_1726,0,0,0
1447474_3,0,0,0
1773_16050,0,0,0
1773_1907,0,0,0
1423527_3,0,0,0
1423475_3,0,0,0
1773_15081,0,0,0
1773_1556,0,0,0
1773_996,0,0,0
1773_15769,0,0,0
1773_15502,0,0,0
1773_15229,0,0,0
1773_15151,0,0,0
1773_14822,0,0,0
1773_14750,0,0,0
1773_14745,0,0,0
1773_1472,0,0,0
1397862_3,0,0,0
1773_15673,0,0,0
1773_15534,0,0,0
1397899_3,0,0,0
1773_15482,0,0,0
1773_16308,0,0,0
1773_199,0,0,0
1773_15313,0,0,0
1773_15154,0,0,0
1455274_3,0,0,0
1773_16002,0,0,0
1773_16031,0,0,0
1773_15786,0,0,0
1773_1922,0,0,0
1448816_3,0,0,0
1423558_3,0,0,0
1773_15678,0,0,0
1448431_3,0,0,0
1773_15682,0,0,0
1421962_3,0,0,0
1773_1012,0,0,0
1773_15546,0,0,0
1773_15414,0,0,0
1773_15890,0,0,0
1448548_3,0,0,0
1773_1928,0,0,0
1448514_3,0,0,0
1773_1298,0,0,0
1773_29486,0,0,0
1773_16152,0,0,0
1773_1328,0,0,0
1448722_3,0,0,0
1421929_3,0,0,0
1773_1391,0,0,0
1733_1918,0,0,0
1773_15754,0,0,0
1773_15429,0,0,0
1773_15854,0,0,0
1733_1855,0,0,0
1773_21008,0,0,0
1448582_3,0,0,0
1773_15002,0,0,0
1773_14754,0,0,0
1773_999,0,0,0
1448804_3,0,0,0
1773_15789,0,0,0
1423516_3,0,0,0
1448591_3,0,0,0
1773_16167,0,0,0
1422022_3,0,0,0
1773_14811,0,0,0
1448836_3,0,0,0
1773_15239,0,0,0
1733_1977,0,0,0
1773_29599,0,0,0
1773_1418,0,0,0
1773_955,0,0,0
1448485_3,0,0,0
1773_16349,0,0,0
1773_1935,0,0,0
1773_29598,0,0,0
1773_16140,0,0,0
1773_15562,0,0,0
1773_29373,0,0,0
1773_20937,0,0,0
1295773_3,0,0,0
1773_21036,0,0,0
1773_15956,0,0,0
1773_15892,0,0,0
1733_1937,0,0,0
1773_14928,0,0,0
1773_1096,0,0,0
1427224_3,0,0,0
1773_14983,0,0,0
1773_1625,0,0,0
1773_15278,0,0,0
1773_16234,0,0,0
1773_15156,0,0,0
1773_29478,0,0,0
1773_15076,0,0,0
1773_15679,0,0,0
1421974_3,0,0,0
1733_1872,0,0,0
1773_15674,0,0,0
1421964_3,0,0,0
1773_14828,0,0,0
1773_29557,0,0,0
1773_16228,0,0,0
1773_15783,0,0,0
1773_1287,0,0,0
1773_16366,0,0,0
1773_15194,0,0,0
1448732_3,0,0,0
1773_14808,0,0,0
1773_14747,0,0,0
1773_1303,0,0,0
1773_15321,0,0,0
1773_14758,0,0,0
1773_16289,0,0,0
1773_1817,0,0,0
1773_14986,0,0,0
1397891_3,0,0,0
1773_15145,0,0,0
1773_15728,0,0,0
1773_1305,0,0,0
1447463_3,0,0,0
1773_29577,0,0,0
1773_1550,0,0,0
1423458_3,0,0,0
1773_16001,0,0,0
1324249_3,0,0,0
1423526_3,0,0,0
1773_29374,0,0,0
1448526_3,0,0,0
1421994_3,0,0,0
1773_29547,0,0,0
1773_1972,0,0,0
1773_16202,0,0,0
1773_1076,0,0,0
1773_15465,0,0,0
1773_29479,0,0,0
1773_16399,0,0,0
1733_1742,0,0,0
1773_21013,0,0,0
1427318_3,0,0,0
1773_1227,0,0,0
1773_15242,0,0,0
1773_14935,0,0,0
1324256_3,0,0,0
1773_15778,0,0,0
1773_896,0,0,0
1448763_3,0,0,0
1397941_3,0,0,0
1773_1397,0,0,0
1773_29461,0,0,0
1773_16267,0,0,0
1773_1980,0,0,0
1773_15805,0,0,0
1397910_3,0,0,0
1773_14751,0,0,0
1773_15175,0,0,0
1448674_3,0,0,0
1773_1085,0,0,0
1733_1889,0,0,0
1773_1552,0,0,0
1773_15013,0,0,0
1773_16007,0,0,0
1773_29548,0,0,0
1773_14818,0,0,0
1773_1280,0,0,0
1773_1406,0,0,0
1448550_3,0,0,0
1773_16022,0,0,0
1397875_3,0,0,0
1324247_3,0,0,0
1773_29419,0,0,0
1773_1567,0,0,0
1773_15454,0,0,0
1773_15522,0,0,0
1773_15261,0,0,0
1773_1492,0,0,0
1773_15032,0,0,0
1773_1835,0,0,0
1773_29475,0,0,0
1773_370,0,0,0
1773_29441,0,0,0
1448780_3,0,0,0
1773_14797,0,0,0
1448412_3,0,0,0
1417021_3,0,0,0
1773_1595,0,0,0
1773_15703,0,0,0
1773_1062,0,0,0
1773_14971,0,0,0
1773_16362,0,0,0
1773_15186,0,0,0
1773_1547,0,0,0
1773_15317,0,0,0
1773_15576,0,0,0
1773_1803,0,0,0
1447465_3,0,0,0
1422034_3,0,0,0
1773_16356,0,0,0
1773_21028,0,0,0
1324298_3,0,0,0
1423446_3,0,0,0
1422042_3,0,0,0
1773_1746,0,0,0
1773_15311,0,0,0
1773_15117,0,0,0
1448834_3,0,0,0
1733_1925,0,0,0
1438837_3,0,0,0
1773_16184,0,0,0
1773_15371,0,0,0
1773_1079,0,0,0
1773_20984,0,0,0
1773_14830,0,0,0
1773_15405,0,0,0
1448480_3,0,0,0
1427270_3,0,0,0
1773_15736,0,0,0
1448795_3,0,0,0
1773_15752,0,0,0
1773_1521,0,0,0
1773_14765,0,0,0
1448838_3,0,0,0
1423573_3,0,0,0
1773_21032,0,0,0
1773_15573,0,0,0
1773_1417,0,0,0
1733_1910,0,0,0
1773_16051,0,0,0
1438864_3,0,0,0
1773_1339,0,0,0
1773_15256,0,0,0
1324283_3,0,0,0
1773_1880,0,0,0
1448572_3,0,0,0
1773_16063,0,0,0
1427290_3,0,0,0
1773_14998,0,0,0
1773_20974,0,0,0
1773_15126,0,0,0
1773_1533,0,0,0
1773_20983,0,0,0
1773_15556,0,0,0
1400923_3,0,0,0
1773_14962,0,0,0
1773_14805,0,0,0
1773_15180,0,0,0
1773_15096,0,0,0
1447513_3,0,0,0
1773_1768,0,0,0
1773_14873,0,0,0
1773_14863,0,0,0
1773_16268,0,0,0
1295725_3,0,0,0
1423437_3,0,0,0
1773_1856,0,0,0
1448519_3,0,0,0
1773_1930,0,0,0
1773_16265,0,0,0
1773_15903,0,0,0
1773_202,0,0,0
1733_1891,0,0,0
1397928_3,0,0,0
1448645_3,0,0,0
1773_16145,0,0,0
1773_1455,0,0,0
1773_21105,0,0,0
1324300_3,0,0,0
1773_1767,0,0,0
1423544_3,0,0,0
1773_15189,0,0,0
1773_15962,0,0,0
1773_16119,0,0,0
1773_15034,0,0,0
1773_1031,0,0,0
1773_20945,0,0,0
1773_15353,0,0,0
1447502_3,0,0,0
1773_16157,0,0,0
1733_1938,0,0,0
1397909_3,0,0,0
1773_15016,0,0,0
1423512_3,0,0,0
1423457_3,0,0,0
1773_1220,0,0,0
1773_2441,0,0,0
1773_1813,0,0,0
1423459_3,0,0,0
1773_16309,0,0,0
1773_14771,0,0,0
1423553_3,0,0,0
1773_15944,0,0,0
1773_1475,0,0,0
1448711_3,0,0,0
1773_1505,0,0,0
1773_1748,0,0,0
1773_1936,0,0,0
1773_15717,0,0,0
1295727_3,0,0,0
1773_1913,0,0,0
1773_16130,0,0,0
1773_15248,0,0,0
1773_15948,0,0,0
1773_14831,0,0,0
1773_15496,0,0,0
1773_1731,0,0,0
1773_15787,0,0,0
1773_15886,0,0,0
1448661_3,0,0,0
1773_14885,0,0,0
1773_945,0,0,0
1773_1763,0,0,0
1773_15241,0,0,0
1773_15616,0,0,0
1773_21012,0,0,0
1773_1849,0,0,0
1773_1250,0,0,0
1773_29521,0,0,0
1773_15996,0,0,0
1427291_3,0,0,0
1448649_3,0,0,0
1423531_3,0,0,0
1773_1278,0,0,0
1733_1909,0,0,0
1447495_3,0,0,0
1773_1087,0,0,0
1423569_3,0,0,0
1773_29437,0,0,0
1773_14948,0,0,0
1773_15533,0,0,0
1447486_3,0,0,0
1773_1978,0,0,0
1773_1379,0,0,0
1423436_3,0,0,0
1423477_3,0,0,0
1448759_3,0,0,0
1733_1967,0,0,0
1455268_3,0,0,0
1773_16127,0,0,0
1773_1345,0,0,0
1773_14866,0,0,0
1773_29591,0,0,0
1733_1839,0,0,0
1773_15695,0,0,0
1397900_3,0,0,0
1773_1709,0,0,0
1773_15645,0,0,0
1773_15985,0,0,0
1448656_3,0,0,0
1773_29413,0,0,0
1773_16179,0,0,0
1773_15462,0,0,0
1773_1802,0,0,0
1773_1394,0,0,0
1773_928,0,0,0
1400933_3,0,0,0
1773_15614,0,0,0
1773_1335,0,0,0
1427193_3,0,0,0
1773_29606,0,0,0
1773_15262,0,0,0
1448712_3,0,0,0
1773_15775,0,0,0
1773_1006,0,0,0
1324284_3,0,0,0
1773_16348,0,0,0
1773_1642,0,0,0
1773_16328,0,0,0
1455284_3,0,0,0
1773_1277,0,0,0
1773_15258,0,0,0
1773_960,0,0,0
1447464_3,0,0,0
1773_1249,0,0,0
1773_21701,0,0,0
1773_15466,0,0,0
1773_1824,0,0,0
1423521_3,0,0,0
1773_14997,0,0,0
1773_15282,0,0,0
1773_14735,0,0,0
1773_1410,0,0,0
1773_15519,0,0,0
1773_15301,0,0,0
1448662_3,0,0,0
1422051_3,0,0,0
1773_15803,0,0,0
1773_15721,0,0,0
1448421_3,0,0,0
1773_1624,0,0,0
1423524_3,0,0,0
1773_29470,0,0,0
1423431_3,0,0,0
1448435_3,0,0,0
1447485_3,0,0,0
1773_15592,0,0,0
1448825_3,0,0,0
1773_15292,0,0,0
1773_29384,0,0,0
1773_15875,0,0,0
1773_14861,0,0,0
1773_1380,0,0,0
1447459_3,0,0,0
1773_1084,0,0,0
1773_16396,0,0,0
1773_1101,0,0,0
1773_1897,0,0,0
1773_14956,0,0,0
1773_14992,0,0,0
1422108_3,0,0,0
1773_1493,0,0,0
1773_15209,0,0,0
1773_948,0,0,0
1773_15554,0,0,0
1773_1004,0,0,0
1773_1439,0,0,0
1773_1751,0,0,0
1773_14868,0,0,0
1733_1849,0,0,0
1448716_3,0,0,0
1773_15986,0,0,0
1773_1938,0,0,0
1773_14859,0,0,0
1417026_3,0,0,0
1448472_3,0,0,0
1427276_3,0,0,0
1773_1463,0,0,0
1773_16084,0,0,0
1427264_3,0,0,0
1773_20933,0,0,0
1773_14882,0,0,0
1773_15105,0,0,0
1773_15073,0,0,0
1773_1064,0,0,0
1421951_3,0,0,0
1397917_3,0,0,0
1773_15926,0,0,0
1324268_3,0,0,0
1773_15883,0,0,0
1773_20968,0,0,0
1773_15042,0,0,0
1773_15493,0,0,0
1773_15936,0,0,0
1423473_3,0,0,0
1733_1845,0,0,0
1448627_3,0,0,0
1773_1730,0,0,0
1773_1646,0,0,0
1773_16151,0,0,0
1400898_3,0,0,0
1773_1598,0,0,0
1422092_3,0,0,0
1773_1254,0,0,0
1427209_3,0,0,0
1423548_3,0,0,0
1773_16169,0,0,0
1417028_3,0,0,0
1773_16375,0,0,0
1773_15579,0,0,0
1427316_3,0,0,0
1773_1469,0,0,0
1773_16153,0,0,0
1448684_3,0,0,0
1773_29457,0,0,0
1773_15460,0,0,0
1427180_3,0,0,0
1773_16395,0,0,0
1773_15900,0,0,0
1448477_3,0,0,0
1773_15436,0,0,0
1773_1257,0,0,0
1423520_3,0,0,0
1773_1357,0,0,0
1427295_3,0,0,0
1773_15109,0,0,0
1448567_3,0,0,0
1773_16372,0,0,0
1773_1407,0,0,0
1773_14841,0,0,0
1773_1548,0,0,0
1773_16373,0,0,0
1773_29517,0,0,0
1773_16214,0,0,0
1400940_3,0,0,0
1773_14889,0,0,0
1448633_3,0,0,0
1400907_3,0,0,0
1773_15422,0,0,0
1448516_3,0,0,0
1448824_3,0,0,0
1773_1801,0,0,0
1418255_3,0,0,0
1773_979,0,0,0
1773_1203,0,0,0
1773_15982,0,0,0
1773_3185,0,0,0
1397856_3,0,0,0
1773_15022,0,0,0
1773_20952,0,0,0
1448655_3,0,0,0
1448787_3,0,0,0
1773_16317,0,0,0
1773_15396,0,0,0
1773_29465,0,0,0
1773_14913,0,0,0
1773_14737,0,0,0
1773_15733,0,0,0
1773_14779,0,0,0
1773_14858,0,0,0
1773_15487,0,0,0
1773_920,0,0,0
1773_1565,0,0,0
1773_1977,0,0,0
1773_29544,0,0,0
1448727_3,0,0,0
1773_15255,0,0,0
1423440_3,0,0,0
1773_15810,0,0,0
1773_924,0,0,0
1773_29530,0,0,0
1448392_3,0,0,0
1773_16189,0,0,0
1773_900,0,0,0
1773_15445,0,0,0
1773_15571,0,0,0
1773_29425,0,0,0
1397902_3,0,0,0
1773_21031,0,0,0
1448524_3,0,0,0
1773_1026,0,0,0
1773_29450,0,0,0
1773_14880,0,0,0
1423429_3,0,0,0
1773_15714,0,0,0
1773_16209,0,0,0
1773_966,0,0,0
1773_14738,0,0,0
1773_1619,0,0,0
1773_1594,0,0,0
1773_16027,0,0,0
1773_15503,0,0,0
1400930_3,0,0,0
1448756_3,0,0,0
1422062_3,0,0,0
1773_1314,0,0,0
1447477_3,0,0,0
1773_1464,0,0,0
1448697_3,0,0,0
1773_16120,0,0,0
1773_14791,0,0,0
1773_1540,0,0,0
1773_1099,0,0,0
1773_29403,0,0,0
1397927_3,0,0,0
1773_16015,0,0,0
1773_29504,0,0,0
1733_1877,0,0,0
1773_14740,0,0,0
1773_15364,0,0,0
1448574_3,0,0,0
1773_15150,0,0,0
1421949_3,0,0,0
1773_1244,0,0,0
1773_1769,0,0,0
1773_15976,0,0,0
1773_15668,0,0,0
1448409_3,0,0,0
1447520_3,0,0,0
1773_15909,0,0,0
1400893_3,0,0,0
1448611_3,0,0,0
1773_1214,0,0,0
1773_1623,0,0,0
1773_15801,0,0,0
1773_16295,0,0,0
1733_1875,0,0,0
1773_29363,0,0,0
1773_15777,0,0,0
1773_1466,0,0,0
1773_2487,0,0,0
1773_1524,0,0,0
1773_15630,0,0,0
1773_15871,0,0,0
1773_1564,0,0,0
1427240_3,0,0,0
1324287_3,0,0,0
1324232_3,0,0,0
1773_14748,0,0,0
1773_14947,0,0,0
1773_21062,0,0,0
1448579_3,0,0,0
1773_1433,0,0,0
1448577_3,0,0,0
1448790_3,0,0,0
1400904_3,0,0,0
1400920_3,0,0,0
1773_15003,0,0,0
1773_21732,0,0,0
1773_1473,0,0,0
1773_29537,0,0,0
1773_15355,0,0,0
1773_918,0,0,0
1773_1652,0,0,0
1448462_3,0,0,0
1773_15557,0,0,0
1423426_3,0,0,0
1421982_3,0,0,0
1773_1741,0,0,0
1773_20987,0,0,0
1773_20938,0,0,0
1448736_3,0,0,0
1427249_3,0,0,0
1773_1672,0,0,0
1773_16345,0,0,0
1773_15748,0,0,0
1773_15781,0,0,0
1773_1589,0,0,0
1773_15991,0,0,0
1773_15029,0,0,0
1773_15830,0,0,0
1448827_3,0,0,0
1773_29467,0,0,0
1773_16183,0,0,0
1324250_3,0,0,0
1773_14832,0,0,0
1773_15441,0,0,0
1773_29497,0,0,0
1773_1316,0,0,0
1448465_3,0,0,0
1773_15500,0,0,0
1773_1682,0,0,0
1773_15751,0,0,0
1773_15862,0,0,0
1773_15544,0,0,0
1438865_3,0,0,0
1773_16019,0,0,0
1773_15020,0,0,0
1773_16266,0,0,0
1773_21735,0,0,0
1295790_3,0,0,0
1773_15325,0,0,0
1773_15337,0,0,0
1773_29508,0,0,0
1773_15701,0,0,0
1773_29553,0,0,0
1773_15295,0,0,0
1295751_3,0,0,0
1324285_3,0,0,0
1773_15082,0,0,0
1438869_3,0,0,0
1448659_3,0,0,0
1773_1212,0,0,0
1773_904,0,0,0
1773_1429,0,0,0
1773_15351,0,0,0
1773_2956,0,0,0
1448768_3,0,0,0
1773_15876,0,0,0
1773_21714,0,0,0
1295775_3,0,0,0
1423534_3,0,0,0
1773_15953,0,0,0
1773_15589,0,0,0
1773_21025,0,0,0
1773_1969,0,0,0
1773_1886,0,0,0
1427314_3,0,0,0
1773_1700,0,0,0
1324242_3,0,0,0
1773_14815,0,0,0
1773_929,0,0,0
1733_2017,0,0,0
1773_15756,0,0,0
1773_1434,0,0,0
1773_15744,0,0,0
1448818_3,0,0,0
1421972_3,0,0,0
1448810_3,0,0,0
1773_21696,0,0,0
1448491_3,0,0,0
1773_14996,0,0,0
1773_1072,0,0,0
1773_16062,0,0,0
1422060_3,0,0,0
1773_15009,0,0,0
1773_15397,0,0,0
1733_1842,0,0,0
1421995_3,0,0,0
1773_15071,0,0,0
1448624_3,0,0,0
1773_16009,0,0,0
1773_14987,0,0,0
1423511_3,0,0,0
1773_14964,0,0,0
1773_15075,0,0,0
1773_16108,0,0,0
1773_14912,0,0,0
1773_1236,0,0,0
1295771_3,0,0,0
1773_15320,0,0,0
1733_1844,0,0,0
1773_1606,0,0,0
1773_1976,0,0,0
1773_15537,0,0,0
1773_1789,0,0,0
1773_1669,0,0,0
1397868_3,0,0,0
1773_15898,0,0,0
1422090_3,0,0,0
1455285_3,0,0,0
1448545_3,0,0,0
1422080_3,0,0,0
1448390_3,0,0,0
1773_1514,0,0,0
1773_29619,0,0,0
1438854_3,0,0,0
1422014_3,0,0,0
1324267_3,0,0,0
1400922_3,0,0,0
1422023_3,0,0,0
1773_14732,0,0,0
1773_15291,0,0,0
1448774_3,0,0,0
1773_14980,0,0,0
1422094_3,0,0,0
1397912_3,0,0,0
1423542_3,0,0,0
1448675_3,0,0,0
1447473_3,0,0,0
1773_1488,0,0,0
1773_16128,0,0,0
1427208_3,0,0,0
1773_15303,0,0,0
1773_1954,0,0,0
1773_1235,0,0,0
1773_204,0,0,0
1773_1044,0,0,0
1773_16300,0,0,0
1427203_3,0,0,0
1773_1702,0,0,0
1773_992,0,0,0
1427288_3,0,0,0
1324263_3,0,0,0
1447492_3,0,0,0
1773_14809,0,0,0
1773_1894,0,0,0
1773_1566,0,0,0
1448476_3,0,0,0
1773_1737,0,0,0
1773_16025,0,0,0
1773_15485,0,0,0
1422081_3,0,0,0
1422045_3,0,0,0
1733_1879,0,0,0
1773_1387,0,0,0
1773_908,0,0,0
1773_958,0,0,0
1773_16161,0,0,0
1773_1396,0,0,0
1295745_3,0,0,0
1773_29534,0,0,0
1448743_3,0,0,0
1773_15166,0,0,0
1773_21026,0,0,0
1421954_3,0,0,0
1455272_3,0,0,0
1773_1230,0,0,0
1448566_4,0,0,0
1773_15176,0,0,0
1427278_3,0,0,0
1773_14896,0,0,0
1427330_3,0,0,0
1422026_3,0,0,0
1448588_3,0,0,0
1773_15705,0,0,0
1448394_3,0,0,0
1773_15184,0,0,0
1773_15906,0,0,0
1773_15112,0,0,0
1773_29369,0,0,0
1773_15119,0,0,0
1773_21000,0,0,0
1447466_3,0,0,0
1773_29556,0,0,0
1733_1833,0,0,0
1324280_3,0,0,0
1773_15170,0,0,0
1423510_3,0,0,0
1733_1820,0,0,0
1773_21143,0,0,0
1448651_3,0,0,0
1773_942,0,0,0
1773_16201,0,0,0
1422024_3,0,0,0
1400921_3,0,0,0
1773_910,0,0,0
1773_1612,0,0,0
1773_1095,0,0,0
1448458_3,0,0,0
1773_1885,0,0,0
1422096_3,0,0,0
1773_15447,0,0,0
1427236_3,0,0,0
1773_15474,0,0,0
1773_16338,0,0,0
1773_15304,0,0,0
1773_1683,0,0,0
1423447_3,0,0,0
1448432_3,0,0,0
1773_21706,0,0,0
1773_1723,0,0,0
1773_16114,0,0,0
1773_14854,0,0,0
1773_1377,0,0,0
1773_1633,0,0,0
1773_15873,0,0,0
1773_14785,0,0,0
1427298_3,0,0,0
1773_14917,0,0,0
1773_1755,0,0,0
1773_1743,0,0,0
1773_15643,0,0,0
1773_16011,0,0,0
1324244_3,0,0,0
1773_14762,0,0,0
1733_1934,0,0,0
1422065_3,0,0,0
1773_15727,0,0,0
1421985_3,0,0,0
1397880_3,0,0,0
1773_16083,0,0,0
1773_14967,0,0,0
1773_15767,0,0,0
1773_1274,0,0,0
1773_29561,0,0,0
1773_1263,0,0,0
1773_1477,0,0,0
1773_1066,0,0,0
1773_14945,0,0,0
1773_1510,0,0,0
1773_1573,0,0,0
1773_15960,0,0,0
1448828_3,0,0,0
1733_1672,0,0,0
1773_16182,0,0,0
1773_1665,0,0,0
1773_15094,0,0,0
1448747_3,0,0,0
1773_16277,0,0,0
1773_1828,0,0,0
1773_29490,0,0,0
1773_21037,0,0,0
1773_15507,0,0,0
1773_15816,0,0,0
1773_16205,0,0,0
1773_988,0,0,0
1773_15373,0,0,0
1773_15812,0,0,0
1773_1782,0,0,0
1448628_3,0,0,0
1400912_3,0,0,0
1773_1447,0,0,0
1324279_3,0,0,0
1773_14884,0,0,0
1773_1106,0,0,0
1773_1527,0,0,0
1773_14864,0,0,0
1773_1596,0,0,0
1773_3182,0,0,0
1448700_3,0,0,0
1448584_3,0,0,0
1773_1052,0,0,0
1773_15398,0,0,0
1773_1866,0,0,0
1773_16276,0,0,0
1448679_3,0,0,0
1422093_3,0,0,0
1773_1630,0,0,0
1773_20935,0,0,0
1773_15824,0,0,0
1773_1686,0,0,0
1773_15046,0,0,0
1773_1857,0,0,0
1397867_3,0,0,0
1773_15415,0,0,0
1438866_3,0,0,0
1773_1649,0,0,0
1773_14860,0,0,0
1773_15872,0,0,0
1773_21049,0,0,0
1773_1667,0,0,0
1422003_3,0,0,0
1423482_3,0,0,0
1773_29372,0,0,0
1773_1645,0,0,0
1773_1599,0,0,0
1773_20959,0,0,0
1773_15724,0,0,0
1773_1420,0,0,0
1773_15552,0,0,0
1422097_3,0,0,0
1400897_3,0,0,0
1773_29416,0,0,0
1773_15231,0,0,0
1773_15506,0,0,0
1397926_3,0,0,0
1773_16263,0,0,0
1773_1698,0,0,0
1773_29388,0,0,0
1773_15765,0,0,0
1773_1562,0,0,0
1324301_3,0,0,0
1773_15586,0,0,0
1438845_3,0,0,0
1773_21020,0,0,0
1773_15477,0,0,0
1773_15390,0,0,0
1397897_3,0,0,0
1422067_3,0,0,0
1773_1268,0,0,0
1773_1827,0,0,0
1773_1609,0,0,0
1773_15613,0,0,0
1773_29542,0,0,0
1773_15841,0,0,0
1773_1458,0,0,0
1773_14827,0,0,0
1733_1979,0,0,0
1448762_3,0,0,0
1773_15152,0,0,0
1422091_3,0,0,0
1427225_3,0,0,0
1324290_3,0,0,0
1773_15344,0,0,0
1773_15352,0,0,0
1773_1508,0,0,0
1773_16065,0,0,0
1773_15792,0,0,0
1773_21135,0,0,0
1773_1515,0,0,0
1773_1275,0,0,0
1773_14823,0,0,0
1448439_3,0,0,0
1773_15489,0,0,0
1422058_3,0,0,0
1773_1871,0,0,0
1422019_3,0,0,0
1773_21712,0,0,0
1447449_3,0,0,0
1397938_3,0,0,0
1773_1772,0,0,0
1773_29583,0,0,0
1773_1690,0,0,0
1773_15515,0,0,0
1773_1341,0,0,0
1773_1536,0,0,0
1448837_3,0,0,0
1773_16017,0,0,0
1773_1542,0,0,0
1733_1987,0,0,0
1448812_3,0,0,0
1773_15191,0,0,0
1773_29572,0,0,0
1773_16146,0,0,0
1773_29593,0,0,0
1773_15383,0,0,0
1773_15211,0,0,0
1773_1067,0,0,0
1773_20979,0,0,0
1773_14843,0,0,0
1773_16166,0,0,0
1422047_3,0,0,0
1448652_3,0,0,0
1773_14981,0,0,0
1448641_3,0,0,0
1773_15590,0,0,0
1733_1914,0,0,0
1773_1311,0,0,0
1773_14793,0,0,0
1438844_3,0,0,0
1773_1449,0,0,0
1773_16336,0,0,0
1448692_3,0,0,0
1773_15901,0,0,0
1773_21022,0,0,0
1773_1425,0,0,0
1400891_3,0,0,0
1423469_3,0,0,0
1773_29430,0,0,0
1773_15893,0,0,0
1422087_3,0,0,0
1773_1265,0,0,0
1773_15182,0,0,0
1773_1090,0,0,0
1733_2018,0,0,0
1773_29563,0,0,0
1773_1900,0,0,0
1773_15331,0,0,0
1773_1286,0,0,0
1773_16180,0,0,0
1773_14769,0,0,0
1423504_3,0,0,0
1448710_3,0,0,0
1448821_3,0,0,0
1773_20966,0,0,0
1773_15828,0,0,0
1773_1673,0,0,0
1773_15713,0,0,0
1773_14755,0,0,0
1773_15224,0,0,0
1773_15289,0,0,0
1773_16181,0,0,0
1448544_3,0,0,0
1773_15851,0,0,0
1773_1657,0,0,0
1447437_3,0,0,0
1773_15017,0,0,0
1773_1048,0,0,0
1773_15100,0,0,0
1773_1917,0,0,0
1423485_3,0,0,0
1427230_3,0,0,0
1773_1217,0,0,0
1773_1853,0,0,0
1773_1635,0,0,0
1773_1083,0,0,0
1773_913,0,0,0
1773_1838,0,0,0
